-- phpMyAdmin SQL Dump
-- version 4.6.2
-- https://www.phpmyadmin.net/
--
-- Host: localhost
-- Generation Time: Jul 07, 2016 at 03:25 PM
-- Server version: 5.7.13
-- PHP Version: 7.0.7

SET SQL_MODE = "NO_AUTO_VALUE_ON_ZERO";
SET time_zone = "+00:00";


/*!40101 SET @OLD_CHARACTER_SET_CLIENT=@@CHARACTER_SET_CLIENT */;
/*!40101 SET @OLD_CHARACTER_SET_RESULTS=@@CHARACTER_SET_RESULTS */;
/*!40101 SET @OLD_COLLATION_CONNECTION=@@COLLATION_CONNECTION */;
/*!40101 SET NAMES utf8mb4 */;

--
-- Database: `truepeople`
--

-- --------------------------------------------------------

--
-- Table structure for table `business`
--

CREATE TABLE `business` (
  `id` int(10) UNSIGNED NOT NULL,
  `business_name` varchar(255) COLLATE utf8_unicode_ci NOT NULL,
  `logo` varchar(500) COLLATE utf8_unicode_ci NOT NULL,
  `created_at` timestamp NOT NULL DEFAULT '0000-00-00 00:00:00',
  `updated_at` timestamp NOT NULL DEFAULT '0000-00-00 00:00:00',
  `unique_id` char(32) CHARACTER SET utf8 NOT NULL,
  `default_days_leave` decimal(4,2) NOT NULL,
  `leave_start_date` varchar(4) COLLATE utf8_unicode_ci NOT NULL,
  `leave_end_date` varchar(4) COLLATE utf8_unicode_ci NOT NULL
) ENGINE=InnoDB DEFAULT CHARSET=utf8 COLLATE=utf8_unicode_ci;

--
-- Dumping data for table `business`
--

INSERT INTO `business` (`id`, `business_name`, `logo`, `created_at`, `updated_at`, `unique_id`, `default_days_leave`, `leave_start_date`, `leave_end_date`) VALUES
(1, 'Trueshopping', '', '2015-12-29 07:18:16', '2015-12-29 07:18:16', 'c64cf3ff-ce90-11e5-9e3d-08002746', '32.00', '', '');

-- --------------------------------------------------------

--
-- Table structure for table `business_announcements`
--

CREATE TABLE `business_announcements` (
  `id` int(10) UNSIGNED NOT NULL,
  `user_id` int(11) NOT NULL,
  `announcements_title` varchar(255) COLLATE utf8_unicode_ci NOT NULL,
  `announcements_content` text COLLATE utf8_unicode_ci NOT NULL,
  `created_at` timestamp NOT NULL DEFAULT '0000-00-00 00:00:00',
  `updated_at` timestamp NOT NULL DEFAULT '0000-00-00 00:00:00'
) ENGINE=InnoDB DEFAULT CHARSET=utf8 COLLATE=utf8_unicode_ci;

--
-- Dumping data for table `business_announcements`
--

INSERT INTO `business_announcements` (`id`, `user_id`, `announcements_title`, `announcements_content`, `created_at`, `updated_at`) VALUES
(1, 67, 'Limitless people lauches', 'This is an announcements', '2016-07-13 03:13:19', '2016-07-21 09:17:20');

-- --------------------------------------------------------

--
-- Table structure for table `holiday_requests`
--

CREATE TABLE `holiday_requests` (
  `id` int(10) UNSIGNED NOT NULL,
  `user_id` int(11) NOT NULL,
  `requested_date` date NOT NULL,
  `date_of_return` date NOT NULL,
  `duration` decimal(4,2) NOT NULL,
  `authorised_by` int(11) NOT NULL DEFAULT '0',
  `created_at` timestamp NOT NULL DEFAULT '0000-00-00 00:00:00',
  `updated_at` timestamp NOT NULL DEFAULT '0000-00-00 00:00:00',
  `holiday_request_group_id` int(11) NOT NULL
) ENGINE=InnoDB DEFAULT CHARSET=utf8 COLLATE=utf8_unicode_ci;

--
-- Dumping data for table `holiday_requests`
--

INSERT INTO `holiday_requests` (`id`, `user_id`, `requested_date`, `date_of_return`, `duration`, `authorised_by`, `created_at`, `updated_at`, `holiday_request_group_id`) VALUES
(1, 132, '2016-01-01', '0000-00-00', '1.00', 132, '2016-07-07 14:17:19', '2016-07-07 14:17:19', 1),
(2, 132, '2016-01-29', '0000-00-00', '1.00', 132, '2016-07-07 14:17:19', '2016-07-07 14:17:19', 2),
(3, 132, '2016-03-14', '0000-00-00', '1.00', 132, '2016-07-07 14:17:19', '2016-07-07 14:17:19', 3),
(4, 132, '2016-03-15', '0000-00-00', '1.00', 132, '2016-07-07 14:17:19', '2016-07-07 14:17:19', 4),
(5, 132, '2016-03-16', '0000-00-00', '1.00', 132, '2016-07-07 14:17:19', '2016-07-07 14:17:19', 5),
(6, 132, '2016-03-17', '0000-00-00', '1.00', 132, '2016-07-07 14:17:19', '2016-07-07 14:17:19', 6),
(7, 132, '2016-03-18', '0000-00-00', '1.00', 132, '2016-07-07 14:17:19', '2016-07-07 14:17:19', 7),
(8, 132, '2016-03-21', '0000-00-00', '1.00', 132, '2016-07-07 14:17:19', '2016-07-07 14:17:19', 8),
(9, 132, '2016-03-22', '0000-00-00', '1.00', 132, '2016-07-07 14:17:19', '2016-07-07 14:17:19', 9),
(10, 132, '2016-03-23', '0000-00-00', '1.00', 132, '2016-07-07 14:17:19', '2016-07-07 14:17:19', 10),
(11, 132, '2016-03-24', '0000-00-00', '1.00', 132, '2016-07-07 14:17:19', '2016-07-07 14:17:19', 11),
(12, 132, '2016-03-25', '0000-00-00', '1.00', 132, '2016-07-07 14:17:19', '2016-07-07 14:17:19', 12),
(13, 132, '2016-05-04', '0000-00-00', '1.00', 132, '2016-07-07 14:17:19', '2016-07-07 14:17:19', 13),
(14, 132, '2016-07-04', '0000-00-00', '1.00', 132, '2016-07-07 14:17:19', '2016-07-07 14:17:19', 14),
(15, 132, '2016-07-05', '0000-00-00', '1.00', 132, '2016-07-07 14:17:19', '2016-07-07 14:17:19', 15),
(16, 132, '2016-10-21', '0000-00-00', '1.00', 132, '2016-07-07 14:17:19', '2016-07-07 14:17:19', 16),
(17, 132, '2016-10-24', '0000-00-00', '1.00', 132, '2016-07-07 14:17:19', '2016-07-07 14:17:19', 17),
(18, 132, '2016-10-25', '0000-00-00', '1.00', 132, '2016-07-07 14:17:19', '2016-07-07 14:17:19', 18),
(19, 132, '2016-10-26', '0000-00-00', '1.00', 132, '2016-07-07 14:17:19', '2016-07-07 14:17:19', 19),
(20, 132, '2016-10-27', '0000-00-00', '1.00', 132, '2016-07-07 14:17:19', '2016-07-07 14:17:19', 20),
(21, 132, '2016-10-28', '0000-00-00', '1.00', 132, '2016-07-07 14:17:19', '2016-07-07 14:17:19', 21),
(22, 132, '2016-12-22', '0000-00-00', '1.00', 132, '2016-07-07 14:17:19', '2016-07-07 14:17:19', 22),
(23, 132, '2016-12-23', '0000-00-00', '1.00', 132, '2016-07-07 14:17:19', '2016-07-07 14:17:19', 23),
(24, 132, '2016-12-26', '0000-00-00', '1.00', 132, '2016-07-07 14:17:19', '2016-07-07 14:17:19', 24),
(25, 132, '2016-12-27', '0000-00-00', '1.00', 132, '2016-07-07 14:17:19', '2016-07-07 14:17:19', 25),
(26, 132, '2016-12-28', '0000-00-00', '1.00', 132, '2016-07-07 14:17:19', '2016-07-07 14:17:19', 26),
(27, 132, '2016-12-29', '0000-00-00', '1.00', 132, '2016-07-07 14:17:19', '2016-07-07 14:17:19', 27),
(28, 132, '2016-12-30', '0000-00-00', '1.00', 132, '2016-07-07 14:17:19', '2016-07-07 14:17:19', 28),
(29, 146, '2016-01-01', '0000-00-00', '1.00', 146, '2016-07-07 14:17:19', '2016-07-07 14:17:19', 29),
(30, 146, '2016-04-05', '0000-00-00', '1.00', 146, '2016-07-07 14:17:19', '2016-07-07 14:17:19', 30),
(31, 146, '2016-04-06', '0000-00-00', '1.00', 146, '2016-07-07 14:17:19', '2016-07-07 14:17:19', 31),
(32, 146, '2016-06-07', '0000-00-00', '1.00', 146, '2016-07-07 14:17:19', '2016-07-07 14:17:19', 32),
(33, 146, '2016-06-08', '0000-00-00', '1.00', 146, '2016-07-07 14:17:19', '2016-07-07 14:17:19', 33),
(34, 146, '2016-12-26', '0000-00-00', '1.00', 146, '2016-07-07 14:17:19', '2016-07-07 14:17:19', 34),
(35, 146, '2016-12-27', '0000-00-00', '1.00', 146, '2016-07-07 14:17:19', '2016-07-07 14:17:19', 35),
(36, 66, '2016-01-01', '0000-00-00', '1.00', 66, '2016-07-07 14:17:19', '2016-07-07 14:17:19', 36),
(37, 66, '2016-02-05', '0000-00-00', '1.00', 66, '2016-07-07 14:17:19', '2016-07-07 14:17:19', 37),
(38, 66, '2016-03-21', '0000-00-00', '1.00', 66, '2016-07-07 14:17:19', '2016-07-07 14:17:19', 38),
(39, 66, '2016-03-22', '0000-00-00', '1.00', 66, '2016-07-07 14:17:20', '2016-07-07 14:17:20', 39),
(40, 66, '2016-03-23', '0000-00-00', '1.00', 66, '2016-07-07 14:17:20', '2016-07-07 14:17:20', 40),
(41, 66, '2016-03-24', '0000-00-00', '1.00', 66, '2016-07-07 14:17:20', '2016-07-07 14:17:20', 41),
(42, 66, '2016-03-25', '0000-00-00', '1.00', 66, '2016-07-07 14:17:20', '2016-07-07 14:17:20', 42),
(43, 66, '2016-03-30', '0000-00-00', '1.00', 66, '2016-07-07 14:17:20', '2016-07-07 14:17:20', 43),
(44, 66, '2016-03-31', '0000-00-00', '1.00', 66, '2016-07-07 14:17:20', '2016-07-07 14:17:20', 44),
(45, 66, '2016-04-18', '0000-00-00', '1.00', 66, '2016-07-07 14:17:20', '2016-07-07 14:17:20', 45),
(46, 66, '2016-04-25', '0000-00-00', '1.00', 66, '2016-07-07 14:17:20', '2016-07-07 14:17:20', 46),
(47, 66, '2016-05-19', '0000-00-00', '1.00', 66, '2016-07-07 14:17:20', '2016-07-07 14:17:20', 47),
(48, 66, '2016-05-20', '0000-00-00', '1.00', 66, '2016-07-07 14:17:20', '2016-07-07 14:17:20', 48),
(49, 66, '2016-05-30', '0000-00-00', '1.00', 66, '2016-07-07 14:17:20', '2016-07-07 14:17:20', 49),
(50, 66, '2016-05-31', '0000-00-00', '1.00', 66, '2016-07-07 14:17:20', '2016-07-07 14:17:20', 50),
(51, 66, '2016-09-12', '0000-00-00', '1.00', 66, '2016-07-07 14:17:20', '2016-07-07 14:17:20', 51),
(52, 66, '2016-09-13', '0000-00-00', '1.00', 66, '2016-07-07 14:17:20', '2016-07-07 14:17:20', 52),
(53, 66, '2016-09-14', '0000-00-00', '1.00', 66, '2016-07-07 14:17:20', '2016-07-07 14:17:20', 53),
(54, 66, '2016-09-15', '0000-00-00', '1.00', 66, '2016-07-07 14:17:20', '2016-07-07 14:17:20', 54),
(55, 66, '2016-09-16', '0000-00-00', '1.00', 66, '2016-07-07 14:17:20', '2016-07-07 14:17:20', 55),
(56, 66, '2016-09-19', '0000-00-00', '1.00', 66, '2016-07-07 14:17:20', '2016-07-07 14:17:20', 56),
(57, 66, '2016-09-20', '0000-00-00', '1.00', 66, '2016-07-07 14:17:20', '2016-07-07 14:17:20', 57),
(58, 66, '2016-09-21', '0000-00-00', '1.00', 66, '2016-07-07 14:17:20', '2016-07-07 14:17:20', 58),
(59, 66, '2016-09-22', '0000-00-00', '1.00', 66, '2016-07-07 14:17:20', '2016-07-07 14:17:20', 59),
(60, 66, '2016-09-23', '0000-00-00', '1.00', 66, '2016-07-07 14:17:20', '2016-07-07 14:17:20', 60),
(61, 66, '2016-12-26', '0000-00-00', '1.00', 66, '2016-07-07 14:17:20', '2016-07-07 14:17:20', 61),
(62, 66, '2016-12-27', '0000-00-00', '1.00', 66, '2016-07-07 14:17:20', '2016-07-07 14:17:20', 62),
(63, 110, '2016-01-01', '0000-00-00', '1.00', 110, '2016-07-07 14:17:20', '2016-07-07 14:17:20', 63),
(64, 110, '2016-01-29', '0000-00-00', '1.00', 110, '2016-07-07 14:17:20', '2016-07-07 14:17:20', 64),
(65, 110, '2016-03-29', '0000-00-00', '1.00', 110, '2016-07-07 14:17:20', '2016-07-07 14:17:20', 65),
(66, 110, '2016-03-30', '0000-00-00', '1.00', 110, '2016-07-07 14:17:20', '2016-07-07 14:17:20', 66),
(67, 110, '2016-03-31', '0000-00-00', '1.00', 110, '2016-07-07 14:17:20', '2016-07-07 14:17:20', 67),
(68, 110, '2016-04-01', '0000-00-00', '1.00', 110, '2016-07-07 14:17:20', '2016-07-07 14:17:20', 68),
(69, 110, '2016-04-04', '0000-00-00', '1.00', 110, '2016-07-07 14:17:20', '2016-07-07 14:17:20', 69),
(70, 110, '2016-04-05', '0000-00-00', '1.00', 110, '2016-07-07 14:17:20', '2016-07-07 14:17:20', 70),
(71, 110, '2016-05-27', '0000-00-00', '1.00', 110, '2016-07-07 14:17:20', '2016-07-07 14:17:20', 71),
(72, 110, '2016-05-30', '0000-00-00', '1.00', 110, '2016-07-07 14:17:20', '2016-07-07 14:17:20', 72),
(73, 110, '2016-08-08', '0000-00-00', '1.00', 110, '2016-07-07 14:17:20', '2016-07-07 14:17:20', 73),
(74, 110, '2016-08-09', '0000-00-00', '1.00', 110, '2016-07-07 14:17:20', '2016-07-07 14:17:20', 74),
(75, 110, '2016-08-10', '0000-00-00', '1.00', 110, '2016-07-07 14:17:20', '2016-07-07 14:17:20', 75),
(76, 110, '2016-08-01', '0000-00-00', '1.00', 110, '2016-07-07 14:17:20', '2016-07-07 14:17:20', 76),
(77, 110, '2016-08-12', '0000-00-00', '1.00', 110, '2016-07-07 14:17:20', '2016-07-07 14:17:20', 77),
(78, 110, '2016-12-26', '0000-00-00', '1.00', 110, '2016-07-07 14:17:20', '2016-07-07 14:17:20', 78),
(79, 110, '2016-12-27', '0000-00-00', '1.00', 110, '2016-07-07 14:17:20', '2016-07-07 14:17:20', 79),
(80, 110, '2016-12-28', '0000-00-00', '1.00', 110, '2016-07-07 14:17:20', '2016-07-07 14:17:20', 80),
(81, 110, '2016-12-29', '0000-00-00', '1.00', 110, '2016-07-07 14:17:20', '2016-07-07 14:17:20', 81),
(82, 110, '2016-12-30', '0000-00-00', '1.00', 110, '2016-07-07 14:17:20', '2016-07-07 14:17:20', 82),
(83, 152, '2016-01-01', '0000-00-00', '1.00', 152, '2016-07-07 14:17:20', '2016-07-07 14:17:20', 83),
(84, 152, '2016-02-04', '0000-00-00', '1.00', 152, '2016-07-07 14:17:20', '2016-07-07 14:17:20', 84),
(85, 152, '2016-02-05', '0000-00-00', '1.00', 152, '2016-07-07 14:17:20', '2016-07-07 14:17:20', 85),
(86, 152, '2016-02-26', '0000-00-00', '1.00', 152, '2016-07-07 14:17:20', '2016-07-07 14:17:20', 86),
(87, 152, '2016-04-22', '0000-00-00', '1.00', 152, '2016-07-07 14:17:20', '2016-07-07 14:17:20', 87),
(88, 152, '2016-05-02', '0000-00-00', '1.00', 152, '2016-07-07 14:17:20', '2016-07-07 14:17:20', 88),
(89, 152, '2016-05-03', '0000-00-00', '1.00', 152, '2016-07-07 14:17:20', '2016-07-07 14:17:20', 89),
(90, 152, '2016-05-05', '0000-00-00', '0.50', 152, '2016-07-07 14:17:20', '2016-07-07 14:17:20', 90),
(91, 152, '2016-12-26', '0000-00-00', '1.00', 152, '2016-07-07 14:17:20', '2016-07-07 14:17:20', 91),
(92, 152, '2016-12-27', '0000-00-00', '1.00', 152, '2016-07-07 14:17:20', '2016-07-07 14:17:20', 92),
(93, 81, '2016-01-01', '0000-00-00', '1.00', 81, '2016-07-07 14:17:20', '2016-07-07 14:17:20', 93),
(94, 81, '2016-02-19', '0000-00-00', '0.50', 81, '2016-07-07 14:17:20', '2016-07-07 14:17:20', 94),
(95, 81, '2016-03-31', '0000-00-00', '1.00', 81, '2016-07-07 14:17:20', '2016-07-07 14:17:20', 95),
(96, 81, '2016-04-11', '0000-00-00', '1.00', 81, '2016-07-07 14:17:20', '2016-07-07 14:17:20', 96),
(97, 81, '2016-04-12', '0000-00-00', '1.00', 81, '2016-07-07 14:17:20', '2016-07-07 14:17:20', 97),
(98, 81, '2016-04-13', '0000-00-00', '1.00', 81, '2016-07-07 14:17:20', '2016-07-07 14:17:20', 98),
(99, 81, '2016-04-14', '0000-00-00', '1.00', 81, '2016-07-07 14:17:20', '2016-07-07 14:17:20', 99),
(100, 81, '2016-05-09', '0000-00-00', '1.00', 81, '2016-07-07 14:17:20', '2016-07-07 14:17:20', 100),
(101, 81, '2016-05-10', '0000-00-00', '1.00', 81, '2016-07-07 14:17:20', '2016-07-07 14:17:20', 101),
(102, 81, '2016-05-11', '0000-00-00', '1.00', 81, '2016-07-07 14:17:20', '2016-07-07 14:17:20', 102),
(103, 81, '2016-05-12', '0000-00-00', '1.00', 81, '2016-07-07 14:17:20', '2016-07-07 14:17:20', 103),
(104, 81, '2016-06-23', '0000-00-00', '1.00', 81, '2016-07-07 14:17:20', '2016-07-07 14:17:20', 104),
(105, 81, '2016-12-26', '0000-00-00', '1.00', 81, '2016-07-07 14:17:20', '2016-07-07 14:17:20', 105),
(106, 81, '2016-12-27', '0000-00-00', '1.00', 81, '2016-07-07 14:17:20', '2016-07-07 14:17:20', 106),
(107, 138, '2016-01-01', '0000-00-00', '1.00', 138, '2016-07-07 14:17:20', '2016-07-07 14:17:20', 107),
(108, 138, '2016-03-04', '0000-00-00', '1.00', 138, '2016-07-07 14:17:20', '2016-07-07 14:17:20', 108),
(109, 138, '2016-03-07', '0000-00-00', '1.00', 138, '2016-07-07 14:17:20', '2016-07-07 14:17:20', 109),
(110, 138, '2016-03-08', '0000-00-00', '1.00', 138, '2016-07-07 14:17:20', '2016-07-07 14:17:20', 110),
(111, 138, '2016-03-09', '0000-00-00', '1.00', 138, '2016-07-07 14:17:20', '2016-07-07 14:17:20', 111),
(112, 138, '2016-03-10', '0000-00-00', '1.00', 138, '2016-07-07 14:17:20', '2016-07-07 14:17:20', 112),
(113, 138, '2016-03-11', '0000-00-00', '1.00', 138, '2016-07-07 14:17:20', '2016-07-07 14:17:20', 113),
(114, 138, '2016-03-17', '0000-00-00', '1.00', 138, '2016-07-07 14:17:20', '2016-07-07 14:17:20', 114),
(115, 138, '2016-03-29', '0000-00-00', '0.50', 138, '2016-07-07 14:17:20', '2016-07-07 14:17:20', 115),
(116, 138, '2016-04-07', '0000-00-00', '1.00', 138, '2016-07-07 14:17:20', '2016-07-07 14:17:20', 116),
(117, 138, '2016-04-08', '0000-00-00', '1.00', 138, '2016-07-07 14:17:20', '2016-07-07 14:17:20', 117),
(118, 138, '2016-04-11', '0000-00-00', '1.00', 138, '2016-07-07 14:17:20', '2016-07-07 14:17:20', 118),
(119, 138, '2016-04-29', '0000-00-00', '1.00', 138, '2016-07-07 14:17:20', '2016-07-07 14:17:20', 119),
(120, 138, '2016-05-19', '0000-00-00', '0.50', 138, '2016-07-07 14:17:20', '2016-07-07 14:17:20', 120),
(121, 138, '2016-05-27', '0000-00-00', '1.00', 138, '2016-07-07 14:17:20', '2016-07-07 14:17:20', 121),
(122, 138, '2016-05-30', '0000-00-00', '1.00', 138, '2016-07-07 14:17:20', '2016-07-07 14:17:20', 122),
(123, 138, '2016-07-25', '0000-00-00', '1.00', 138, '2016-07-07 14:17:20', '2016-07-07 14:17:20', 123),
(124, 138, '2016-07-26', '0000-00-00', '1.00', 138, '2016-07-07 14:17:20', '2016-07-07 14:17:20', 124),
(125, 138, '2016-07-27', '0000-00-00', '1.00', 138, '2016-07-07 14:17:20', '2016-07-07 14:17:20', 125),
(126, 138, '2016-07-28', '0000-00-00', '1.00', 138, '2016-07-07 14:17:20', '2016-07-07 14:17:20', 126),
(127, 138, '2016-07-29', '0000-00-00', '1.00', 138, '2016-07-07 14:17:20', '2016-07-07 14:17:20', 127),
(128, 138, '2016-08-01', '0000-00-00', '1.00', 138, '2016-07-07 14:17:20', '2016-07-07 14:17:20', 128),
(129, 138, '2016-12-26', '0000-00-00', '1.00', 138, '2016-07-07 14:17:20', '2016-07-07 14:17:20', 129),
(130, 138, '2016-12-27', '0000-00-00', '1.00', 138, '2016-07-07 14:17:20', '2016-07-07 14:17:20', 130),
(131, 48, '2016-01-01', '0000-00-00', '1.00', 48, '2016-07-07 14:17:20', '2016-07-07 14:17:20', 131),
(132, 48, '2016-01-06', '0000-00-00', '1.00', 48, '2016-07-07 14:17:20', '2016-07-07 14:17:20', 132),
(133, 48, '2016-01-07', '0000-00-00', '1.00', 48, '2016-07-07 14:17:20', '2016-07-07 14:17:20', 133),
(134, 48, '2016-01-08', '0000-00-00', '1.00', 48, '2016-07-07 14:17:20', '2016-07-07 14:17:20', 134),
(135, 48, '2016-01-25', '0000-00-00', '1.00', 48, '2016-07-07 14:17:20', '2016-07-07 14:17:20', 135),
(136, 48, '2016-03-25', '0000-00-00', '1.00', 48, '2016-07-07 14:17:20', '2016-07-07 14:17:20', 136),
(137, 48, '2016-05-28', '0000-00-00', '1.00', 48, '2016-07-07 14:17:20', '2016-07-07 14:17:20', 137),
(138, 48, '2016-03-31', '0000-00-00', '1.00', 48, '2016-07-07 14:17:20', '2016-07-07 14:17:20', 138),
(139, 48, '2016-04-25', '0000-00-00', '1.00', 48, '2016-07-07 14:17:20', '2016-07-07 14:17:20', 139),
(140, 48, '2016-05-02', '0000-00-00', '1.00', 48, '2016-07-07 14:17:20', '2016-07-07 14:17:20', 140),
(141, 48, '2016-05-31', '0000-00-00', '1.00', 48, '2016-07-07 14:17:20', '2016-07-07 14:17:20', 141),
(142, 48, '2016-06-03', '0000-00-00', '1.00', 48, '2016-07-07 14:17:20', '2016-07-07 14:17:20', 142),
(143, 48, '2016-06-29', '0000-00-00', '1.00', 48, '2016-07-07 14:17:20', '2016-07-07 14:17:20', 143),
(144, 48, '2016-09-02', '0000-00-00', '1.00', 48, '2016-07-07 14:17:20', '2016-07-07 14:17:20', 144),
(145, 48, '2016-09-05', '0000-00-00', '1.00', 48, '2016-07-07 14:17:20', '2016-07-07 14:17:20', 145),
(146, 48, '2016-12-22', '0000-00-00', '1.00', 48, '2016-07-07 14:17:20', '2016-07-07 14:17:20', 146),
(147, 48, '2016-12-23', '0000-00-00', '1.00', 48, '2016-07-07 14:17:20', '2016-07-07 14:17:20', 147),
(148, 48, '2016-12-26', '0000-00-00', '1.00', 48, '2016-07-07 14:17:20', '2016-07-07 14:17:20', 148),
(149, 48, '2016-12-27', '0000-00-00', '1.00', 48, '2016-07-07 14:17:20', '2016-07-07 14:17:20', 149),
(150, 48, '2016-12-28', '0000-00-00', '1.00', 48, '2016-07-07 14:17:21', '2016-07-07 14:17:21', 150),
(151, 48, '2016-12-29', '0000-00-00', '1.00', 48, '2016-07-07 14:17:21', '2016-07-07 14:17:21', 151),
(152, 48, '2016-12-30', '0000-00-00', '1.00', 48, '2016-07-07 14:17:21', '2016-07-07 14:17:21', 152),
(153, 156, '2016-01-01', '0000-00-00', '1.00', 156, '2016-07-07 14:17:21', '2016-07-07 14:17:21', 153),
(154, 156, '2016-03-11', '0000-00-00', '1.00', 156, '2016-07-07 14:17:21', '2016-07-07 14:17:21', 154),
(155, 156, '2016-03-25', '0000-00-00', '1.00', 156, '2016-07-07 14:17:21', '2016-07-07 14:17:21', 155),
(156, 156, '2016-04-14', '0000-00-00', '1.00', 156, '2016-07-07 14:17:21', '2016-07-07 14:17:21', 156),
(157, 156, '2016-04-15', '0000-00-00', '1.00', 156, '2016-07-07 14:17:21', '2016-07-07 14:17:21', 157),
(158, 156, '2016-05-02', '0000-00-00', '1.00', 156, '2016-07-07 14:17:21', '2016-07-07 14:17:21', 158),
(159, 156, '2016-07-01', '0000-00-00', '1.00', 156, '2016-07-07 14:17:21', '2016-07-07 14:17:21', 159),
(160, 156, '2016-07-11', '0000-00-00', '1.00', 156, '2016-07-07 14:17:21', '2016-07-07 14:17:21', 160),
(161, 156, '2016-07-12', '0000-00-00', '1.00', 156, '2016-07-07 14:17:21', '2016-07-07 14:17:21', 161),
(162, 156, '2016-07-13', '0000-00-00', '1.00', 156, '2016-07-07 14:17:21', '2016-07-07 14:17:21', 162),
(163, 156, '2016-07-14', '0000-00-00', '1.00', 156, '2016-07-07 14:17:21', '2016-07-07 14:17:21', 163),
(164, 156, '2016-07-15', '0000-00-00', '1.00', 156, '2016-07-07 14:17:21', '2016-07-07 14:17:21', 164),
(165, 156, '2016-07-18', '0000-00-00', '1.00', 156, '2016-07-07 14:17:21', '2016-07-07 14:17:21', 165),
(166, 156, '2016-07-28', '0000-00-00', '1.00', 156, '2016-07-07 14:17:21', '2016-07-07 14:17:21', 166),
(167, 156, '2016-07-29', '0000-00-00', '1.00', 156, '2016-07-07 14:17:21', '2016-07-07 14:17:21', 167),
(168, 156, '2016-12-26', '0000-00-00', '1.00', 156, '2016-07-07 14:17:21', '2016-07-07 14:17:21', 168),
(169, 156, '2016-12-27', '0000-00-00', '1.00', 156, '2016-07-07 14:17:21', '2016-07-07 14:17:21', 169),
(170, 8, '2016-01-01', '0000-00-00', '1.00', 8, '2016-07-07 14:17:21', '2016-07-07 14:17:21', 170),
(171, 8, '2016-01-15', '0000-00-00', '1.00', 8, '2016-07-07 14:17:21', '2016-07-07 14:17:21', 171),
(172, 8, '2016-02-24', '0000-00-00', '1.00', 8, '2016-07-07 14:17:21', '2016-07-07 14:17:21', 172),
(173, 8, '2016-03-25', '0000-00-00', '1.00', 8, '2016-07-07 14:17:21', '2016-07-07 14:17:21', 173),
(174, 8, '2016-03-28', '0000-00-00', '1.00', 8, '2016-07-07 14:17:21', '2016-07-07 14:17:21', 174),
(175, 8, '2016-04-11', '0000-00-00', '1.00', 8, '2016-07-07 14:17:21', '2016-07-07 14:17:21', 175),
(176, 8, '2016-04-22', '0000-00-00', '1.00', 8, '2016-07-07 14:17:21', '2016-07-07 14:17:21', 176),
(177, 8, '2016-04-25', '0000-00-00', '1.00', 8, '2016-07-07 14:17:21', '2016-07-07 14:17:21', 177),
(178, 8, '2016-05-02', '0000-00-00', '1.00', 8, '2016-07-07 14:17:21', '2016-07-07 14:17:21', 178),
(179, 8, '2016-05-03', '0000-00-00', '1.00', 8, '2016-07-07 14:17:21', '2016-07-07 14:17:21', 179),
(180, 8, '2016-05-04', '0000-00-00', '1.00', 8, '2016-07-07 14:17:21', '2016-07-07 14:17:21', 180),
(181, 8, '2016-05-05', '0000-00-00', '1.00', 8, '2016-07-07 14:17:21', '2016-07-07 14:17:21', 181),
(182, 8, '2016-05-06', '0000-00-00', '1.00', 8, '2016-07-07 14:17:21', '2016-07-07 14:17:21', 182),
(183, 8, '2016-08-04', '0000-00-00', '1.00', 8, '2016-07-07 14:17:21', '2016-07-07 14:17:21', 183),
(184, 8, '2016-08-05', '0000-00-00', '1.00', 8, '2016-07-07 14:17:21', '2016-07-07 14:17:21', 184),
(185, 8, '2016-08-22', '0000-00-00', '1.00', 8, '2016-07-07 14:17:21', '2016-07-07 14:17:21', 185),
(186, 8, '2016-08-23', '0000-00-00', '1.00', 8, '2016-07-07 14:17:21', '2016-07-07 14:17:21', 186),
(187, 8, '2016-08-24', '0000-00-00', '1.00', 8, '2016-07-07 14:17:21', '2016-07-07 14:17:21', 187),
(188, 8, '2016-08-25', '0000-00-00', '1.00', 8, '2016-07-07 14:17:21', '2016-07-07 14:17:21', 188),
(189, 8, '2016-08-26', '0000-00-00', '1.00', 8, '2016-07-07 14:17:21', '2016-07-07 14:17:21', 189),
(190, 8, '2016-12-26', '0000-00-00', '1.00', 8, '2016-07-07 14:17:21', '2016-07-07 14:17:21', 190),
(191, 8, '2016-12-27', '0000-00-00', '1.00', 8, '2016-07-07 14:17:21', '2016-07-07 14:17:21', 191),
(192, 74, '2016-01-01', '0000-00-00', '1.00', 74, '2016-07-07 14:17:21', '2016-07-07 14:17:21', 192),
(193, 74, '2016-01-11', '0000-00-00', '1.00', 74, '2016-07-07 14:17:21', '2016-07-07 14:17:21', 193),
(194, 74, '2016-01-29', '0000-00-00', '1.00', 74, '2016-07-07 14:17:21', '2016-07-07 14:17:21', 194),
(195, 74, '2016-02-25', '0000-00-00', '0.50', 74, '2016-07-07 14:17:21', '2016-07-07 14:17:21', 195),
(196, 74, '2016-03-04', '0000-00-00', '1.00', 74, '2016-07-07 14:17:21', '2016-07-07 14:17:21', 196),
(197, 74, '2016-03-25', '0000-00-00', '1.00', 74, '2016-07-07 14:17:21', '2016-07-07 14:17:21', 197),
(198, 74, '2016-04-11', '0000-00-00', '1.00', 74, '2016-07-07 14:17:21', '2016-07-07 14:17:21', 198),
(199, 74, '2016-04-25', '0000-00-00', '1.00', 74, '2016-07-07 14:17:21', '2016-07-07 14:17:21', 199),
(200, 74, '2016-05-02', '0000-00-00', '1.00', 74, '2016-07-07 14:17:21', '2016-07-07 14:17:21', 200),
(201, 74, '2016-05-09', '0000-00-00', '1.00', 74, '2016-07-07 14:17:21', '2016-07-07 14:17:21', 201),
(202, 74, '2016-05-30', '0000-00-00', '1.00', 74, '2016-07-07 14:17:21', '2016-07-07 14:17:21', 202),
(203, 74, '2016-06-02', '0000-00-00', '0.50', 74, '2016-07-07 14:17:21', '2016-07-07 14:17:21', 203),
(204, 74, '2016-06-03', '0000-00-00', '1.00', 74, '2016-07-07 14:17:21', '2016-07-07 14:17:21', 204),
(205, 74, '2016-06-07', '0000-00-00', '0.50', 74, '2016-07-07 14:17:21', '2016-07-07 14:17:21', 205),
(206, 74, '2016-06-14', '0000-00-00', '0.50', 74, '2016-07-07 14:17:21', '2016-07-07 14:17:21', 206),
(207, 74, '2016-06-16', '0000-00-00', '0.50', 74, '2016-07-07 14:17:21', '2016-07-07 14:17:21', 207),
(208, 74, '2016-06-22', '0000-00-00', '0.50', 74, '2016-07-07 14:17:21', '2016-07-07 14:17:21', 208),
(209, 74, '2016-06-28', '0000-00-00', '0.50', 74, '2016-07-07 14:17:21', '2016-07-07 14:17:21', 209),
(210, 74, '2016-07-18', '0000-00-00', '1.00', 74, '2016-07-07 14:17:21', '2016-07-07 14:17:21', 210),
(211, 74, '2016-08-02', '0000-00-00', '1.00', 74, '2016-07-07 14:17:21', '2016-07-07 14:17:21', 211),
(212, 74, '2016-08-03', '0000-00-00', '1.00', 74, '2016-07-07 14:17:21', '2016-07-07 14:17:21', 212),
(213, 74, '2016-08-04', '0000-00-00', '1.00', 74, '2016-07-07 14:17:21', '2016-07-07 14:17:21', 213),
(214, 74, '2016-08-05', '0000-00-00', '1.00', 74, '2016-07-07 14:17:21', '2016-07-07 14:17:21', 214),
(215, 74, '2016-08-08', '0000-00-00', '1.00', 74, '2016-07-07 14:17:21', '2016-07-07 14:17:21', 215),
(216, 74, '2016-08-09', '0000-00-00', '1.00', 74, '2016-07-07 14:17:21', '2016-07-07 14:17:21', 216),
(217, 74, '2016-08-10', '0000-00-00', '1.00', 74, '2016-07-07 14:17:21', '2016-07-07 14:17:21', 217),
(218, 74, '2016-08-11', '0000-00-00', '1.00', 74, '2016-07-07 14:17:21', '2016-07-07 14:17:21', 218),
(219, 74, '2016-10-10', '0000-00-00', '1.00', 74, '2016-07-07 14:17:21', '2016-07-07 14:17:21', 219),
(220, 74, '2016-10-31', '0000-00-00', '1.00', 74, '2016-07-07 14:17:21', '2016-07-07 14:17:21', 220),
(221, 74, '2016-11-18', '0000-00-00', '1.00', 74, '2016-07-07 14:17:21', '2016-07-07 14:17:21', 221),
(222, 74, '2016-12-02', '0000-00-00', '1.00', 74, '2016-07-07 14:17:21', '2016-07-07 14:17:21', 222),
(223, 74, '2016-12-05', '0000-00-00', '1.00', 74, '2016-07-07 14:17:21', '2016-07-07 14:17:21', 223),
(224, 74, '2016-12-26', '0000-00-00', '1.00', 74, '2016-07-07 14:17:22', '2016-07-07 14:17:22', 224),
(225, 74, '2016-12-27', '0000-00-00', '1.00', 74, '2016-07-07 14:17:22', '2016-07-07 14:17:22', 225),
(226, 74, '2016-12-28', '0000-00-00', '1.00', 74, '2016-07-07 14:17:22', '2016-07-07 14:17:22', 226),
(227, 82, '2016-01-01', '0000-00-00', '1.00', 82, '2016-07-07 14:17:22', '2016-07-07 14:17:22', 227),
(228, 82, '2016-02-01', '0000-00-00', '0.50', 82, '2016-07-07 14:17:22', '2016-07-07 14:17:22', 228),
(229, 82, '2016-03-11', '0000-00-00', '1.00', 82, '2016-07-07 14:17:22', '2016-07-07 14:17:22', 229),
(230, 82, '2016-03-14', '0000-00-00', '1.00', 82, '2016-07-07 14:17:22', '2016-07-07 14:17:22', 230),
(231, 82, '2016-03-15', '0000-00-00', '1.00', 82, '2016-07-07 14:17:22', '2016-07-07 14:17:22', 231),
(232, 82, '2016-03-16', '0000-00-00', '1.00', 82, '2016-07-07 14:17:22', '2016-07-07 14:17:22', 232),
(233, 82, '2016-06-28', '0000-00-00', '1.00', 82, '2016-07-07 14:17:22', '2016-07-07 14:17:22', 233),
(234, 82, '2016-06-29', '0000-00-00', '1.00', 82, '2016-07-07 14:17:22', '2016-07-07 14:17:22', 234),
(235, 82, '2016-07-04', '0000-00-00', '1.00', 82, '2016-07-07 14:17:22', '2016-07-07 14:17:22', 235),
(236, 82, '2016-07-05', '0000-00-00', '1.00', 82, '2016-07-07 14:17:22', '2016-07-07 14:17:22', 236),
(237, 82, '2016-12-20', '0000-00-00', '1.00', 82, '2016-07-07 14:17:22', '2016-07-07 14:17:22', 237),
(238, 82, '2016-12-21', '0000-00-00', '1.00', 82, '2016-07-07 14:17:22', '2016-07-07 14:17:22', 238),
(239, 82, '2016-12-22', '0000-00-00', '1.00', 82, '2016-07-07 14:17:22', '2016-07-07 14:17:22', 239),
(240, 82, '2016-12-23', '0000-00-00', '1.00', 82, '2016-07-07 14:17:22', '2016-07-07 14:17:22', 240),
(241, 82, '2016-12-26', '0000-00-00', '1.00', 82, '2016-07-07 14:17:22', '2016-07-07 14:17:22', 241),
(242, 82, '2016-12-27', '0000-00-00', '1.00', 82, '2016-07-07 14:17:22', '2016-07-07 14:17:22', 242),
(243, 82, '2016-12-28', '0000-00-00', '1.00', 82, '2016-07-07 14:17:22', '2016-07-07 14:17:22', 243),
(244, 82, '2016-12-29', '0000-00-00', '1.00', 82, '2016-07-07 14:17:22', '2016-07-07 14:17:22', 244),
(245, 82, '2016-12-30', '0000-00-00', '1.00', 82, '2016-07-07 14:17:22', '2016-07-07 14:17:22', 245),
(246, 38, '2016-01-01', '0000-00-00', '1.00', 38, '2016-07-07 14:17:22', '2016-07-07 14:17:22', 246),
(247, 38, '2016-02-02', '0000-00-00', '1.00', 38, '2016-07-07 14:17:22', '2016-07-07 14:17:22', 247),
(248, 38, '2016-01-26', '0000-00-00', '1.00', 38, '2016-07-07 14:17:22', '2016-07-07 14:17:22', 248),
(249, 38, '2016-02-22', '0000-00-00', '0.50', 38, '2016-07-07 14:17:22', '2016-07-07 14:17:22', 249),
(250, 38, '2016-02-23', '0000-00-00', '0.50', 38, '2016-07-07 14:17:22', '2016-07-07 14:17:22', 250),
(251, 38, '2016-02-24', '0000-00-00', '0.50', 38, '2016-07-07 14:17:22', '2016-07-07 14:17:22', 251),
(252, 38, '2016-02-25', '0000-00-00', '0.50', 38, '2016-07-07 14:17:22', '2016-07-07 14:17:22', 252),
(253, 38, '2016-03-28', '0000-00-00', '1.00', 38, '2016-07-07 14:17:22', '2016-07-07 14:17:22', 253),
(254, 38, '2016-04-08', '0000-00-00', '1.00', 38, '2016-07-07 14:17:22', '2016-07-07 14:17:22', 254),
(255, 38, '2016-05-02', '0000-00-00', '1.00', 38, '2016-07-07 14:17:22', '2016-07-07 14:17:22', 255),
(256, 38, '2016-02-09', '0000-00-00', '0.50', 38, '2016-07-07 14:17:22', '2016-07-07 14:17:22', 256),
(257, 38, '2016-05-30', '0000-00-00', '1.00', 38, '2016-07-07 14:17:22', '2016-07-07 14:17:22', 257),
(258, 38, '2016-06-09', '0000-00-00', '1.00', 38, '2016-07-07 14:17:22', '2016-07-07 14:17:22', 258),
(259, 38, '2016-06-10', '0000-00-00', '1.00', 38, '2016-07-07 14:17:22', '2016-07-07 14:17:22', 259),
(260, 38, '2016-06-13', '0000-00-00', '1.00', 38, '2016-07-07 14:17:22', '2016-07-07 14:17:22', 260),
(261, 38, '2016-06-14', '0000-00-00', '1.00', 38, '2016-07-07 14:17:22', '2016-07-07 14:17:22', 261),
(262, 38, '2016-07-21', '0000-00-00', '1.00', 38, '2016-07-07 14:17:22', '2016-07-07 14:17:22', 262),
(263, 38, '2016-07-22', '0000-00-00', '1.00', 38, '2016-07-07 14:17:22', '2016-07-07 14:17:22', 263),
(264, 38, '2016-07-25', '0000-00-00', '1.00', 38, '2016-07-07 14:17:22', '2016-07-07 14:17:22', 264),
(265, 38, '2016-08-18', '0000-00-00', '1.00', 38, '2016-07-07 14:17:22', '2016-07-07 14:17:22', 265),
(266, 38, '2016-08-19', '0000-00-00', '1.00', 38, '2016-07-07 14:17:22', '2016-07-07 14:17:22', 266),
(267, 38, '2016-08-22', '0000-00-00', '1.00', 38, '2016-07-07 14:17:22', '2016-07-07 14:17:22', 267),
(268, 38, '2016-08-26', '0000-00-00', '1.00', 38, '2016-07-07 14:17:22', '2016-07-07 14:17:22', 268),
(269, 38, '2016-08-29', '0000-00-00', '1.00', 38, '2016-07-07 14:17:22', '2016-07-07 14:17:22', 269),
(270, 38, '2016-12-22', '0000-00-00', '1.00', 38, '2016-07-07 14:17:22', '2016-07-07 14:17:22', 270),
(271, 38, '2016-12-23', '0000-00-00', '1.00', 38, '2016-07-07 14:17:22', '2016-07-07 14:17:22', 271),
(272, 38, '2016-12-26', '0000-00-00', '1.00', 38, '2016-07-07 14:17:22', '2016-07-07 14:17:22', 272),
(273, 38, '0201-12-27', '0000-00-00', '1.00', 38, '2016-07-07 14:17:22', '2016-07-07 14:17:22', 273),
(274, 38, '2016-12-28', '0000-00-00', '1.00', 38, '2016-07-07 14:17:22', '2016-07-07 14:17:22', 274),
(275, 38, '2016-12-29', '0000-00-00', '1.00', 38, '2016-07-07 14:17:22', '2016-07-07 14:17:22', 275),
(276, 38, '2016-12-30', '0000-00-00', '1.00', 38, '2016-07-07 14:17:22', '2016-07-07 14:17:22', 276),
(277, 118, '2016-01-01', '0000-00-00', '1.00', 118, '2016-07-07 14:17:22', '2016-07-07 14:17:22', 277),
(278, 118, '2016-02-29', '0000-00-00', '1.00', 118, '2016-07-07 14:17:22', '2016-07-07 14:17:22', 278),
(279, 118, '2016-03-01', '0000-00-00', '1.00', 118, '2016-07-07 14:17:22', '2016-07-07 14:17:22', 279),
(280, 118, '2016-03-02', '0000-00-00', '1.00', 118, '2016-07-07 14:17:22', '2016-07-07 14:17:22', 280),
(281, 118, '2016-03-03', '0000-00-00', '1.00', 118, '2016-07-07 14:17:22', '2016-07-07 14:17:22', 281),
(282, 118, '2016-03-04', '0000-00-00', '1.00', 118, '2016-07-07 14:17:23', '2016-07-07 14:17:23', 282),
(283, 118, '2016-04-07', '0000-00-00', '1.00', 118, '2016-07-07 14:17:23', '2016-07-07 14:17:23', 283),
(284, 118, '2016-04-08', '0000-00-00', '1.00', 118, '2016-07-07 14:17:23', '2016-07-07 14:17:23', 284),
(285, 118, '2016-05-12', '0000-00-00', '1.00', 118, '2016-07-07 14:17:23', '2016-07-07 14:17:23', 285),
(286, 118, '2016-05-13', '0000-00-00', '1.00', 118, '2016-07-07 14:17:23', '2016-07-07 14:17:23', 286),
(287, 118, '2016-06-17', '0000-00-00', '1.00', 118, '2016-07-07 14:17:23', '2016-07-07 14:17:23', 287),
(288, 118, '2016-07-01', '0000-00-00', '1.00', 118, '2016-07-07 14:17:23', '2016-07-07 14:17:23', 288),
(289, 118, '2016-08-01', '0000-00-00', '1.00', 118, '2016-07-07 14:17:23', '2016-07-07 14:17:23', 289),
(290, 118, '2016-08-02', '0000-00-00', '1.00', 118, '2016-07-07 14:17:23', '2016-07-07 14:17:23', 290),
(291, 118, '2016-08-03', '0000-00-00', '1.00', 118, '2016-07-07 14:17:23', '2016-07-07 14:17:23', 291),
(292, 118, '2016-08-04', '0000-00-00', '1.00', 118, '2016-07-07 14:17:23', '2016-07-07 14:17:23', 292),
(293, 118, '2016-08-05', '0000-00-00', '1.00', 118, '2016-07-07 14:17:23', '2016-07-07 14:17:23', 293),
(294, 118, '2016-12-02', '0000-00-00', '1.00', 118, '2016-07-07 14:17:23', '2016-07-07 14:17:23', 294),
(295, 118, '2016-12-05', '0000-00-00', '1.00', 118, '2016-07-07 14:17:23', '2016-07-07 14:17:23', 295),
(296, 118, '2016-12-26', '0000-00-00', '1.00', 118, '2016-07-07 14:17:23', '2016-07-07 14:17:23', 296),
(297, 118, '2016-12-27', '0000-00-00', '1.00', 118, '2016-07-07 14:17:23', '2016-07-07 14:17:23', 297),
(298, 26, '2016-01-01', '0000-00-00', '1.00', 26, '2016-07-07 14:17:23', '2016-07-07 14:17:23', 298),
(299, 26, '2016-02-25', '0000-00-00', '1.00', 26, '2016-07-07 14:17:23', '2016-07-07 14:17:23', 299),
(300, 26, '2016-02-26', '0000-00-00', '1.00', 26, '2016-07-07 14:17:23', '2016-07-07 14:17:23', 300),
(301, 26, '2016-03-07', '0000-00-00', '0.50', 26, '2016-07-07 14:17:23', '2016-07-07 14:17:23', 301),
(302, 26, '2016-03-31', '0000-00-00', '1.00', 26, '2016-07-07 14:17:23', '2016-07-07 14:17:23', 302),
(303, 26, '2016-04-29', '0000-00-00', '1.00', 26, '2016-07-07 14:17:23', '2016-07-07 14:17:23', 303),
(304, 26, '2016-05-02', '0000-00-00', '1.00', 26, '2016-07-07 14:17:23', '2016-07-07 14:17:23', 304),
(305, 26, '2016-05-03', '0000-00-00', '1.00', 26, '2016-07-07 14:17:23', '2016-07-07 14:17:23', 305),
(306, 26, '2016-05-04', '0000-00-00', '1.00', 26, '2016-07-07 14:17:23', '2016-07-07 14:17:23', 306),
(307, 26, '2016-05-20', '0000-00-00', '1.00', 26, '2016-07-07 14:17:23', '2016-07-07 14:17:23', 307),
(308, 26, '2016-05-23', '0000-00-00', '1.00', 26, '2016-07-07 14:17:23', '2016-07-07 14:17:23', 308),
(309, 26, '2016-05-24', '0000-00-00', '1.00', 26, '2016-07-07 14:17:23', '2016-07-07 14:17:23', 309),
(310, 26, '2016-05-25', '0000-00-00', '1.00', 26, '2016-07-07 14:17:23', '2016-07-07 14:17:23', 310),
(311, 26, '2016-06-01', '0000-00-00', '1.00', 26, '2016-07-07 14:17:23', '2016-07-07 14:17:23', 311),
(312, 26, '2016-08-24', '0000-00-00', '1.00', 26, '2016-07-07 14:17:23', '2016-07-07 14:17:23', 312),
(313, 26, '2016-08-25', '0000-00-00', '1.00', 26, '2016-07-07 14:17:23', '2016-07-07 14:17:23', 313),
(314, 26, '2016-08-26', '0000-00-00', '1.00', 26, '2016-07-07 14:17:23', '2016-07-07 14:17:23', 314),
(315, 26, '2016-08-29', '0000-00-00', '1.00', 26, '2016-07-07 14:17:23', '2016-07-07 14:17:23', 315),
(316, 26, '2016-08-30', '0000-00-00', '1.00', 26, '2016-07-07 14:17:23', '2016-07-07 14:17:23', 316),
(317, 26, '2016-08-31', '0000-00-00', '1.00', 26, '2016-07-07 14:17:23', '2016-07-07 14:17:23', 317),
(318, 26, '2016-09-01', '0000-00-00', '1.00', 26, '2016-07-07 14:17:23', '2016-07-07 14:17:23', 318),
(319, 26, '2016-09-02', '0000-00-00', '1.00', 26, '2016-07-07 14:17:23', '2016-07-07 14:17:23', 319),
(320, 26, '2016-09-05', '0000-00-00', '1.00', 26, '2016-07-07 14:17:23', '2016-07-07 14:17:23', 320),
(321, 26, '2016-09-06', '0000-00-00', '1.00', 26, '2016-07-07 14:17:23', '2016-07-07 14:17:23', 321),
(322, 26, '2016-09-23', '0000-00-00', '1.00', 26, '2016-07-07 14:17:23', '2016-07-07 14:17:23', 322),
(323, 26, '2016-12-26', '0000-00-00', '1.00', 26, '2016-07-07 14:17:23', '2016-07-07 14:17:23', 323),
(324, 26, '2016-12-27', '0000-00-00', '1.00', 26, '2016-07-07 14:17:23', '2016-07-07 14:17:23', 324),
(325, 107, '2016-01-01', '0000-00-00', '1.00', 107, '2016-07-07 14:17:23', '2016-07-07 14:17:23', 325),
(326, 107, '2016-02-04', '0000-00-00', '1.00', 107, '2016-07-07 14:17:23', '2016-07-07 14:17:23', 326),
(327, 107, '2016-02-05', '0000-00-00', '1.00', 107, '2016-07-07 14:17:23', '2016-07-07 14:17:23', 327),
(328, 107, '2016-03-09', '0000-00-00', '0.50', 107, '2016-07-07 14:17:23', '2016-07-07 14:17:23', 328),
(329, 107, '2016-03-25', '0000-00-00', '0.50', 107, '2016-07-07 14:17:23', '2016-07-07 14:17:23', 329),
(330, 107, '2016-05-11', '0000-00-00', '1.00', 107, '2016-07-07 14:17:23', '2016-07-07 14:17:23', 330),
(331, 107, '2016-05-12', '0000-00-00', '1.00', 107, '2016-07-07 14:17:23', '2016-07-07 14:17:23', 331),
(332, 107, '2016-05-16', '0000-00-00', '1.00', 107, '2016-07-07 14:17:24', '2016-07-07 14:17:24', 332),
(333, 107, '2016-05-17', '0000-00-00', '1.00', 107, '2016-07-07 14:17:24', '2016-07-07 14:17:24', 333),
(334, 107, '2016-05-18', '0000-00-00', '1.00', 107, '2016-07-07 14:17:24', '2016-07-07 14:17:24', 334),
(335, 107, '2016-07-06', '0000-00-00', '1.00', 107, '2016-07-07 14:17:24', '2016-07-07 14:17:24', 335),
(336, 107, '2016-07-08', '0000-00-00', '1.00', 107, '2016-07-07 14:17:24', '2016-07-07 14:17:24', 336),
(337, 107, '2016-07-11', '0000-00-00', '1.00', 107, '2016-07-07 14:17:24', '2016-07-07 14:17:24', 337),
(338, 107, '2016-07-12', '0000-00-00', '1.00', 107, '2016-07-07 14:17:24', '2016-07-07 14:17:24', 338),
(339, 107, '2016-07-13', '0000-00-00', '1.00', 107, '2016-07-07 14:17:24', '2016-07-07 14:17:24', 339),
(340, 107, '2016-07-14', '0000-00-00', '1.00', 107, '2016-07-07 14:17:24', '2016-07-07 14:17:24', 340),
(341, 107, '2016-07-15', '0000-00-00', '1.00', 107, '2016-07-07 14:17:24', '2016-07-07 14:17:24', 341),
(342, 107, '2016-08-24', '0000-00-00', '1.00', 107, '2016-07-07 14:17:24', '2016-07-07 14:17:24', 342),
(343, 107, '2016-11-07', '0000-00-00', '1.00', 107, '2016-07-07 14:17:24', '2016-07-07 14:17:24', 343),
(344, 107, '2016-11-08', '0000-00-00', '1.00', 107, '2016-07-07 14:17:24', '2016-07-07 14:17:24', 344),
(345, 107, '2016-11-09', '0000-00-00', '1.00', 107, '2016-07-07 14:17:24', '2016-07-07 14:17:24', 345),
(346, 107, '2016-11-10', '0000-00-00', '1.00', 107, '2016-07-07 14:17:24', '2016-07-07 14:17:24', 346),
(347, 107, '2016-11-11', '0000-00-00', '1.00', 107, '2016-07-07 14:17:24', '2016-07-07 14:17:24', 347),
(348, 107, '2016-12-15', '0000-00-00', '1.00', 107, '2016-07-07 14:17:24', '2016-07-07 14:17:24', 348),
(349, 107, '2016-12-16', '0000-00-00', '1.00', 107, '2016-07-07 14:17:24', '2016-07-07 14:17:24', 349),
(350, 107, '2016-12-19', '0000-00-00', '1.00', 107, '2016-07-07 14:17:24', '2016-07-07 14:17:24', 350),
(351, 107, '2016-12-20', '0000-00-00', '1.00', 107, '2016-07-07 14:17:24', '2016-07-07 14:17:24', 351),
(352, 107, '2016-12-21', '0000-00-00', '1.00', 107, '2016-07-07 14:17:24', '2016-07-07 14:17:24', 352),
(353, 107, '2016-12-22', '0000-00-00', '1.00', 107, '2016-07-07 14:17:24', '2016-07-07 14:17:24', 353),
(354, 107, '2016-12-23', '0000-00-00', '1.00', 107, '2016-07-07 14:17:24', '2016-07-07 14:17:24', 354),
(355, 107, '2016-12-26', '0000-00-00', '1.00', 107, '2016-07-07 14:17:24', '2016-07-07 14:17:24', 355),
(356, 107, '2016-12-27', '0000-00-00', '1.00', 107, '2016-07-07 14:17:24', '2016-07-07 14:17:24', 356),
(357, 77, '2016-01-01', '0000-00-00', '1.00', 77, '2016-07-07 14:17:24', '2016-07-07 14:17:24', 357),
(358, 77, '2016-01-25', '0000-00-00', '1.00', 77, '2016-07-07 14:17:24', '2016-07-07 14:17:24', 358),
(359, 77, '2016-03-01', '0000-00-00', '0.50', 77, '2016-07-07 14:17:24', '2016-07-07 14:17:24', 359),
(360, 77, '2016-03-28', '0000-00-00', '1.00', 77, '2016-07-07 14:17:24', '2016-07-07 14:17:24', 360),
(361, 77, '2016-03-29', '0000-00-00', '1.00', 77, '2016-07-07 14:17:24', '2016-07-07 14:17:24', 361),
(362, 77, '2016-03-31', '0000-00-00', '1.00', 77, '2016-07-07 14:17:24', '2016-07-07 14:17:24', 362),
(363, 77, '2016-05-27', '0000-00-00', '1.00', 77, '2016-07-07 14:17:24', '2016-07-07 14:17:24', 363),
(364, 77, '2016-09-05', '0000-00-00', '1.00', 77, '2016-07-07 14:17:24', '2016-07-07 14:17:24', 364),
(365, 77, '2016-09-06', '0000-00-00', '1.00', 77, '2016-07-07 14:17:24', '2016-07-07 14:17:24', 365),
(366, 77, '2016-09-07', '0000-00-00', '1.00', 77, '2016-07-07 14:17:24', '2016-07-07 14:17:24', 366),
(367, 77, '2016-09-08', '0000-00-00', '1.00', 77, '2016-07-07 14:17:24', '2016-07-07 14:17:24', 367),
(368, 77, '2016-09-09', '0000-00-00', '1.00', 77, '2016-07-07 14:17:24', '2016-07-07 14:17:24', 368),
(369, 77, '2016-12-26', '0000-00-00', '1.00', 77, '2016-07-07 14:17:24', '2016-07-07 14:17:24', 369),
(370, 77, '2016-12-27', '0000-00-00', '1.00', 77, '2016-07-07 14:17:24', '2016-07-07 14:17:24', 370),
(371, 99, '2016-01-01', '0000-00-00', '1.00', 99, '2016-07-07 14:17:24', '2016-07-07 14:17:24', 371),
(372, 99, '2016-01-14', '0000-00-00', '1.00', 99, '2016-07-07 14:17:24', '2016-07-07 14:17:24', 372),
(373, 99, '2016-01-15', '0000-00-00', '1.00', 99, '2016-07-07 14:17:24', '2016-07-07 14:17:24', 373),
(374, 99, '2016-02-29', '0000-00-00', '1.00', 99, '2016-07-07 14:17:24', '2016-07-07 14:17:24', 374),
(375, 99, '2016-03-01', '0000-00-00', '1.00', 99, '2016-07-07 14:17:24', '2016-07-07 14:17:24', 375),
(376, 99, '2016-03-02', '0000-00-00', '1.00', 99, '2016-07-07 14:17:24', '2016-07-07 14:17:24', 376),
(377, 99, '2016-03-03', '0000-00-00', '1.00', 99, '2016-07-07 14:17:24', '2016-07-07 14:17:24', 377),
(378, 99, '2016-03-04', '0000-00-00', '1.00', 99, '2016-07-07 14:17:24', '2016-07-07 14:17:24', 378),
(379, 99, '2016-03-28', '0000-00-00', '1.00', 99, '2016-07-07 14:17:25', '2016-07-07 14:17:25', 379),
(380, 99, '2016-06-13', '0000-00-00', '1.00', 99, '2016-07-07 14:17:25', '2016-07-07 14:17:25', 380),
(381, 99, '2016-06-14', '0000-00-00', '1.00', 99, '2016-07-07 14:17:25', '2016-07-07 14:17:25', 381),
(382, 99, '2016-06-15', '0000-00-00', '1.00', 99, '2016-07-07 14:17:25', '2016-07-07 14:17:25', 382),
(383, 99, '2016-06-16', '0000-00-00', '1.00', 99, '2016-07-07 14:17:25', '2016-07-07 14:17:25', 383),
(384, 99, '2016-06-17', '0000-00-00', '1.00', 99, '2016-07-07 14:17:25', '2016-07-07 14:17:25', 384),
(385, 99, '2016-08-15', '0000-00-00', '1.00', 99, '2016-07-07 14:17:25', '2016-07-07 14:17:25', 385),
(386, 99, '2016-08-16', '0000-00-00', '1.00', 99, '2016-07-07 14:17:25', '2016-07-07 14:17:25', 386),
(387, 99, '2016-08-17', '0000-00-00', '1.00', 99, '2016-07-07 14:17:25', '2016-07-07 14:17:25', 387),
(388, 99, '2016-08-18', '0000-00-00', '1.00', 99, '2016-07-07 14:17:25', '2016-07-07 14:17:25', 388),
(389, 99, '2016-08-19', '0000-00-00', '1.00', 99, '2016-07-07 14:17:25', '2016-07-07 14:17:25', 389),
(390, 99, '2016-12-26', '0000-00-00', '1.00', 99, '2016-07-07 14:17:25', '2016-07-07 14:17:25', 390),
(391, 99, '2016-12-27', '0000-00-00', '1.00', 99, '2016-07-07 14:17:25', '2016-07-07 14:17:25', 391),
(392, 30, '2016-08-12', '0000-00-00', '1.00', 30, '2016-07-07 14:17:25', '2016-07-07 14:17:25', 392),
(393, 30, '2016-09-12', '0000-00-00', '1.00', 30, '2016-07-07 14:17:25', '2016-07-07 14:17:25', 393),
(394, 30, '2016-09-13', '0000-00-00', '1.00', 30, '2016-07-07 14:17:25', '2016-07-07 14:17:25', 394),
(395, 30, '2016-09-14', '0000-00-00', '1.00', 30, '2016-07-07 14:17:25', '2016-07-07 14:17:25', 395),
(396, 30, '2016-09-15', '0000-00-00', '1.00', 30, '2016-07-07 14:17:25', '2016-07-07 14:17:25', 396),
(397, 30, '2016-09-16', '0000-00-00', '1.00', 30, '2016-07-07 14:17:25', '2016-07-07 14:17:25', 397),
(398, 30, '2016-09-19', '0000-00-00', '1.00', 30, '2016-07-07 14:17:25', '2016-07-07 14:17:25', 398),
(399, 30, '2016-09-20', '0000-00-00', '1.00', 30, '2016-07-07 14:17:25', '2016-07-07 14:17:25', 399),
(400, 30, '2016-09-21', '0000-00-00', '1.00', 30, '2016-07-07 14:17:25', '2016-07-07 14:17:25', 400),
(401, 30, '2016-09-22', '0000-00-00', '1.00', 30, '2016-07-07 14:17:25', '2016-07-07 14:17:25', 401),
(402, 30, '2016-09-23', '0000-00-00', '1.00', 30, '2016-07-07 14:17:25', '2016-07-07 14:17:25', 402),
(403, 30, '2016-09-26', '0000-00-00', '1.00', 30, '2016-07-07 14:17:25', '2016-07-07 14:17:25', 403),
(404, 30, '2016-09-27', '0000-00-00', '1.00', 30, '2016-07-07 14:17:25', '2016-07-07 14:17:25', 404),
(405, 30, '2016-09-28', '0000-00-00', '1.00', 30, '2016-07-07 14:17:25', '2016-07-07 14:17:25', 405),
(406, 30, '2016-09-29', '0000-00-00', '1.00', 30, '2016-07-07 14:17:25', '2016-07-07 14:17:25', 406),
(407, 30, '2016-11-17', '0000-00-00', '1.00', 30, '2016-07-07 14:17:25', '2016-07-07 14:17:25', 407),
(408, 30, '2016-11-18', '0000-00-00', '1.00', 30, '2016-07-07 14:17:25', '2016-07-07 14:17:25', 408),
(409, 30, '2016-11-21', '0000-00-00', '1.00', 30, '2016-07-07 14:17:25', '2016-07-07 14:17:25', 409),
(410, 30, '2016-11-22', '0000-00-00', '1.00', 30, '2016-07-07 14:17:25', '2016-07-07 14:17:25', 410),
(411, 30, '2016-11-23', '0000-00-00', '1.00', 30, '2016-07-07 14:17:25', '2016-07-07 14:17:25', 411),
(412, 30, '2016-11-24', '0000-00-00', '1.00', 30, '2016-07-07 14:17:25', '2016-07-07 14:17:25', 412),
(413, 30, '2016-11-25', '0000-00-00', '1.00', 30, '2016-07-07 14:17:25', '2016-07-07 14:17:25', 413),
(414, 30, '2016-12-19', '0000-00-00', '1.00', 30, '2016-07-07 14:17:25', '2016-07-07 14:17:25', 414),
(415, 30, '2016-12-20', '0000-00-00', '1.00', 30, '2016-07-07 14:17:25', '2016-07-07 14:17:25', 415),
(416, 30, '2016-12-22', '0000-00-00', '1.00', 30, '2016-07-07 14:17:25', '2016-07-07 14:17:25', 416),
(417, 30, '2016-12-23', '0000-00-00', '1.00', 30, '2016-07-07 14:17:25', '2016-07-07 14:17:25', 417),
(418, 30, '2016-12-26', '0000-00-00', '1.00', 30, '2016-07-07 14:17:25', '2016-07-07 14:17:25', 418),
(419, 30, '2016-12-27', '0000-00-00', '1.00', 30, '2016-07-07 14:17:25', '2016-07-07 14:17:25', 419),
(420, 30, '2016-12-28', '0000-00-00', '1.00', 30, '2016-07-07 14:17:26', '2016-07-07 14:17:26', 420),
(421, 30, '2016-12-29', '0000-00-00', '1.00', 30, '2016-07-07 14:17:26', '2016-07-07 14:17:26', 421),
(422, 30, '2016-12-30', '0000-00-00', '1.00', 30, '2016-07-07 14:17:26', '2016-07-07 14:17:26', 422),
(423, 70, '2016-01-01', '0000-00-00', '1.00', 70, '2016-07-07 14:17:26', '2016-07-07 14:17:26', 423),
(424, 70, '2016-01-04', '0000-00-00', '1.00', 70, '2016-07-07 14:17:26', '2016-07-07 14:17:26', 424),
(425, 70, '2016-01-05', '0000-00-00', '1.00', 70, '2016-07-07 14:17:26', '2016-07-07 14:17:26', 425),
(426, 70, '2016-01-06', '0000-00-00', '1.00', 70, '2016-07-07 14:17:26', '2016-07-07 14:17:26', 426),
(427, 70, '2016-01-07', '0000-00-00', '1.00', 70, '2016-07-07 14:17:26', '2016-07-07 14:17:26', 427),
(428, 70, '2016-02-15', '0000-00-00', '1.00', 70, '2016-07-07 14:17:26', '2016-07-07 14:17:26', 428),
(429, 70, '2016-02-16', '0000-00-00', '1.00', 70, '2016-07-07 14:17:26', '2016-07-07 14:17:26', 429),
(430, 70, '2016-02-17', '0000-00-00', '1.00', 70, '2016-07-07 14:17:26', '2016-07-07 14:17:26', 430),
(431, 70, '2016-03-18', '0000-00-00', '1.00', 70, '2016-07-07 14:17:26', '2016-07-07 14:17:26', 431),
(432, 70, '2016-03-21', '0000-00-00', '1.00', 70, '2016-07-07 14:17:26', '2016-07-07 14:17:26', 432),
(433, 70, '2016-04-06', '0000-00-00', '1.00', 70, '2016-07-07 14:17:26', '2016-07-07 14:17:26', 433),
(434, 70, '2016-04-07', '0000-00-00', '1.00', 70, '2016-07-07 14:17:26', '2016-07-07 14:17:26', 434),
(435, 70, '2016-04-08', '0000-00-00', '1.00', 70, '2016-07-07 14:17:26', '2016-07-07 14:17:26', 435),
(436, 70, '2016-05-02', '0000-00-00', '1.00', 70, '2016-07-07 14:17:26', '2016-07-07 14:17:26', 436),
(437, 70, '2016-05-30', '0000-00-00', '1.00', 70, '2016-07-07 14:17:26', '2016-07-07 14:17:26', 437),
(438, 70, '2016-06-10', '0000-00-00', '1.00', 70, '2016-07-07 14:17:26', '2016-07-07 14:17:26', 438),
(439, 70, '2016-07-01', '0000-00-00', '0.50', 70, '2016-07-07 14:17:26', '2016-07-07 14:17:26', 439),
(440, 70, '2016-07-18', '0000-00-00', '1.00', 70, '2016-07-07 14:17:26', '2016-07-07 14:17:26', 440),
(441, 70, '2016-07-19', '0000-00-00', '1.00', 70, '2016-07-07 14:17:26', '2016-07-07 14:17:26', 441),
(442, 70, '2016-07-20', '0000-00-00', '1.00', 70, '2016-07-07 14:17:26', '2016-07-07 14:17:26', 442),
(443, 70, '2016-07-21', '0000-00-00', '1.00', 70, '2016-07-07 14:17:26', '2016-07-07 14:17:26', 443),
(444, 70, '2016-07-22', '0000-00-00', '1.00', 70, '2016-07-07 14:17:26', '2016-07-07 14:17:26', 444),
(445, 70, '2016-08-05', '0000-00-00', '1.00', 70, '2016-07-07 14:17:26', '2016-07-07 14:17:26', 445),
(446, 70, '2016-08-29', '0000-00-00', '1.00', 70, '2016-07-07 14:17:26', '2016-07-07 14:17:26', 446),
(447, 70, '2016-12-26', '0000-00-00', '1.00', 70, '2016-07-07 14:17:26', '2016-07-07 14:17:26', 447),
(448, 70, '2016-12-27', '0000-00-00', '1.00', 70, '2016-07-07 14:17:26', '2016-07-07 14:17:26', 448),
(449, 167, '2016-01-01', '0000-00-00', '1.00', 167, '2016-07-07 14:17:26', '2016-07-07 14:17:26', 449),
(450, 167, '2016-02-19', '0000-00-00', '0.50', 167, '2016-07-07 14:17:26', '2016-07-07 14:17:26', 450),
(451, 167, '2016-03-01', '0000-00-00', '1.00', 167, '2016-07-07 14:17:26', '2016-07-07 14:17:26', 451),
(452, 167, '2016-03-07', '0000-00-00', '1.00', 167, '2016-07-07 14:17:26', '2016-07-07 14:17:26', 452),
(453, 167, '2016-04-05', '0000-00-00', '1.00', 167, '2016-07-07 14:17:26', '2016-07-07 14:17:26', 453),
(454, 167, '2016-04-25', '0000-00-00', '1.00', 167, '2016-07-07 14:17:26', '2016-07-07 14:17:26', 454),
(455, 167, '2016-04-26', '0000-00-00', '1.00', 167, '2016-07-07 14:17:26', '2016-07-07 14:17:26', 455),
(456, 167, '2016-05-13', '0000-00-00', '1.00', 167, '2016-07-07 14:17:26', '2016-07-07 14:17:26', 456),
(457, 167, '2016-06-06', '0000-00-00', '1.00', 167, '2016-07-07 14:17:26', '2016-07-07 14:17:26', 457),
(458, 167, '2016-06-07', '0000-00-00', '1.00', 167, '2016-07-07 14:17:26', '2016-07-07 14:17:26', 458),
(459, 167, '2016-06-08', '0000-00-00', '1.00', 167, '2016-07-07 14:17:27', '2016-07-07 14:17:27', 459),
(460, 167, '2016-06-09', '0000-00-00', '1.00', 167, '2016-07-07 14:17:27', '2016-07-07 14:17:27', 460),
(461, 167, '2016-06-10', '0000-00-00', '1.00', 167, '2016-07-07 14:17:27', '2016-07-07 14:17:27', 461),
(462, 167, '2016-07-05', '0000-00-00', '1.00', 167, '2016-07-07 14:17:27', '2016-07-07 14:17:27', 462),
(463, 167, '2016-07-06', '0000-00-00', '1.00', 167, '2016-07-07 14:17:27', '2016-07-07 14:17:27', 463),
(464, 167, '2016-07-21', '0000-00-00', '1.00', 167, '2016-07-07 14:17:27', '2016-07-07 14:17:27', 464),
(465, 167, '2016-07-22', '0000-00-00', '1.00', 167, '2016-07-07 14:17:27', '2016-07-07 14:17:27', 465),
(466, 167, '2016-08-29', '0000-00-00', '1.00', 167, '2016-07-07 14:17:27', '2016-07-07 14:17:27', 466),
(467, 167, '2016-12-26', '0000-00-00', '1.00', 167, '2016-07-07 14:17:27', '2016-07-07 14:17:27', 467),
(468, 167, '2016-12-27', '0000-00-00', '1.00', 167, '2016-07-07 14:17:27', '2016-07-07 14:17:27', 468),
(469, 54, '2016-01-25', '0000-00-00', '1.00', 54, '2016-07-07 14:17:27', '2016-07-07 14:17:27', 469),
(470, 54, '2016-02-05', '0000-00-00', '1.00', 54, '2016-07-07 14:17:27', '2016-07-07 14:17:27', 470),
(471, 54, '2016-02-10', '0000-00-00', '1.00', 54, '2016-07-07 14:17:27', '2016-07-07 14:17:27', 471),
(472, 54, '2016-02-15', '0000-00-00', '1.00', 54, '2016-07-07 14:17:27', '2016-07-07 14:17:27', 472),
(473, 54, '2016-02-16', '0000-00-00', '1.00', 54, '2016-07-07 14:17:27', '2016-07-07 14:17:27', 473),
(474, 54, '2016-05-18', '0000-00-00', '1.00', 54, '2016-07-07 14:17:27', '2016-07-07 14:17:27', 474),
(475, 54, '2016-05-20', '0000-00-00', '1.00', 54, '2016-07-07 14:17:27', '2016-07-07 14:17:27', 475),
(476, 54, '2016-05-23', '0000-00-00', '1.00', 54, '2016-07-07 14:17:27', '2016-07-07 14:17:27', 476),
(477, 54, '2016-06-03', '0000-00-00', '1.00', 54, '2016-07-07 14:17:27', '2016-07-07 14:17:27', 477),
(478, 54, '2016-07-18', '0000-00-00', '1.00', 54, '2016-07-07 14:17:27', '2016-07-07 14:17:27', 478),
(479, 54, '2016-07-19', '0000-00-00', '1.00', 54, '2016-07-07 14:17:27', '2016-07-07 14:17:27', 479),
(480, 54, '2016-07-20', '0000-00-00', '1.00', 54, '2016-07-07 14:17:27', '2016-07-07 14:17:27', 480),
(481, 54, '2016-07-21', '0000-00-00', '1.00', 54, '2016-07-07 14:17:27', '2016-07-07 14:17:27', 481),
(482, 54, '2016-07-22', '0000-00-00', '1.00', 54, '2016-07-07 14:17:27', '2016-07-07 14:17:27', 482),
(483, 54, '2016-07-25', '0000-00-00', '1.00', 54, '2016-07-07 14:17:27', '2016-07-07 14:17:27', 483),
(484, 54, '2016-07-26', '0000-00-00', '1.00', 54, '2016-07-07 14:17:27', '2016-07-07 14:17:27', 484),
(485, 54, '2016-12-26', '0000-00-00', '1.00', 54, '2016-07-07 14:17:27', '2016-07-07 14:17:27', 485),
(486, 54, '2016-12-27', '0000-00-00', '1.00', 54, '2016-07-07 14:17:27', '2016-07-07 14:17:27', 486),
(487, 125, '2016-01-25', '0000-00-00', '0.50', 125, '2016-07-07 14:17:27', '2016-07-07 14:17:27', 487),
(488, 125, '2016-02-17', '0000-00-00', '1.00', 125, '2016-07-07 14:17:27', '2016-07-07 14:17:27', 488),
(489, 125, '2016-02-25', '0000-00-00', '1.00', 125, '2016-07-07 14:17:27', '2016-07-07 14:17:27', 489),
(490, 125, '2016-02-26', '0000-00-00', '1.00', 125, '2016-07-07 14:17:27', '2016-07-07 14:17:27', 490),
(491, 125, '2016-03-17', '0000-00-00', '1.00', 125, '2016-07-07 14:17:27', '2016-07-07 14:17:27', 491),
(492, 125, '2016-04-06', '0000-00-00', '1.00', 125, '2016-07-07 14:17:27', '2016-07-07 14:17:27', 492),
(493, 125, '2016-04-12', '0000-00-00', '1.00', 125, '2016-07-07 14:17:27', '2016-07-07 14:17:27', 493),
(494, 125, '2016-05-25', '0000-00-00', '1.00', 125, '2016-07-07 14:17:27', '2016-07-07 14:17:27', 494),
(495, 125, '2016-05-26', '0000-00-00', '1.00', 125, '2016-07-07 14:17:27', '2016-07-07 14:17:27', 495),
(496, 125, '2016-05-27', '0000-00-00', '1.00', 125, '2016-07-07 14:17:28', '2016-07-07 14:17:28', 496),
(497, 125, '2016-05-30', '0000-00-00', '1.00', 125, '2016-07-07 14:17:28', '2016-07-07 14:17:28', 497);
INSERT INTO `holiday_requests` (`id`, `user_id`, `requested_date`, `date_of_return`, `duration`, `authorised_by`, `created_at`, `updated_at`, `holiday_request_group_id`) VALUES
(498, 125, '2016-05-31', '0000-00-00', '1.00', 125, '2016-07-07 14:17:28', '2016-07-07 14:17:28', 498),
(499, 125, '2016-07-07', '0000-00-00', '1.00', 125, '2016-07-07 14:17:28', '2016-07-07 14:17:28', 499),
(500, 125, '2016-07-08', '0000-00-00', '1.00', 125, '2016-07-07 14:17:28', '2016-07-07 14:17:28', 500),
(501, 125, '2016-07-11', '0000-00-00', '1.00', 125, '2016-07-07 14:17:28', '2016-07-07 14:17:28', 501),
(502, 125, '2016-10-31', '0000-00-00', '0.50', 125, '2016-07-07 14:17:28', '2016-07-07 14:17:28', 502),
(503, 125, '2016-12-26', '0000-00-00', '1.00', 125, '2016-07-07 14:17:28', '2016-07-07 14:17:28', 503),
(504, 125, '2016-12-27', '0000-00-00', '1.00', 125, '2016-07-07 14:17:28', '2016-07-07 14:17:28', 504),
(505, 166, '2016-05-26', '0000-00-00', '1.00', 166, '2016-07-07 14:17:28', '2016-07-07 14:17:28', 505),
(506, 166, '2016-05-27', '0000-00-00', '1.00', 166, '2016-07-07 14:17:28', '2016-07-07 14:17:28', 506),
(507, 166, '2016-05-30', '0000-00-00', '1.00', 166, '2016-07-07 14:17:28', '2016-07-07 14:17:28', 507),
(508, 166, '2016-08-05', '0000-00-00', '1.00', 166, '2016-07-07 14:17:28', '2016-07-07 14:17:28', 508),
(509, 166, '2016-08-08', '0000-00-00', '1.00', 166, '2016-07-07 14:17:28', '2016-07-07 14:17:28', 509),
(510, 166, '2016-08-09', '0000-00-00', '1.00', 166, '2016-07-07 14:17:28', '2016-07-07 14:17:28', 510),
(511, 166, '2016-08-10', '0000-00-00', '1.00', 166, '2016-07-07 14:17:28', '2016-07-07 14:17:28', 511),
(512, 166, '2016-08-11', '0000-00-00', '1.00', 166, '2016-07-07 14:17:28', '2016-07-07 14:17:28', 512),
(513, 166, '2016-08-12', '0000-00-00', '1.00', 166, '2016-07-07 14:17:28', '2016-07-07 14:17:28', 513),
(514, 166, '2016-08-15', '0000-00-00', '1.00', 166, '2016-07-07 14:17:28', '2016-07-07 14:17:28', 514),
(515, 166, '2016-08-16', '0000-00-00', '1.00', 166, '2016-07-07 14:17:28', '2016-07-07 14:17:28', 515),
(516, 166, '2016-12-23', '0000-00-00', '1.00', 166, '2016-07-07 14:17:28', '2016-07-07 14:17:28', 516),
(517, 166, '2016-12-26', '0000-00-00', '1.00', 166, '2016-07-07 14:17:28', '2016-07-07 14:17:28', 517),
(518, 166, '2016-12-27', '0000-00-00', '1.00', 166, '2016-07-07 14:17:28', '2016-07-07 14:17:28', 518),
(519, 166, '2016-12-28', '0000-00-00', '1.00', 166, '2016-07-07 14:17:28', '2016-07-07 14:17:28', 519),
(520, 166, '2016-12-29', '0000-00-00', '1.00', 166, '2016-07-07 14:17:28', '2016-07-07 14:17:28', 520),
(521, 166, '2016-12-30', '0000-00-00', '1.00', 166, '2016-07-07 14:17:28', '2016-07-07 14:17:28', 521),
(522, 165, '2016-06-22', '0000-00-00', '1.00', 165, '2016-07-07 14:17:28', '2016-07-07 14:17:28', 522),
(523, 165, '2016-06-23', '0000-00-00', '1.00', 165, '2016-07-07 14:17:28', '2016-07-07 14:17:28', 523),
(524, 165, '2016-06-24', '0000-00-00', '1.00', 165, '2016-07-07 14:17:28', '2016-07-07 14:17:28', 524),
(525, 165, '2016-07-22', '0000-00-00', '1.00', 165, '2016-07-07 14:17:28', '2016-07-07 14:17:28', 525),
(526, 165, '2016-07-25', '0000-00-00', '1.00', 165, '2016-07-07 14:17:28', '2016-07-07 14:17:28', 526),
(527, 165, '2016-08-12', '0000-00-00', '1.00', 165, '2016-07-07 14:17:28', '2016-07-07 14:17:28', 527),
(528, 165, '2016-08-15', '0000-00-00', '1.00', 165, '2016-07-07 14:17:28', '2016-07-07 14:17:28', 528),
(529, 165, '2016-12-26', '0000-00-00', '1.00', 165, '2016-07-07 14:17:28', '2016-07-07 14:17:28', 529),
(530, 165, '2016-12-27', '0000-00-00', '1.00', 165, '2016-07-07 14:17:29', '2016-07-07 14:17:29', 530),
(531, 164, '2016-12-26', '0000-00-00', '1.00', 164, '2016-07-07 14:17:29', '2016-07-07 14:17:29', 531),
(532, 164, '2016-12-27', '0000-00-00', '1.00', 164, '2016-07-07 14:17:29', '2016-07-07 14:17:29', 532);

-- --------------------------------------------------------

--
-- Table structure for table `holiday_request_groups`
--

CREATE TABLE `holiday_request_groups` (
  `id` int(10) UNSIGNED NOT NULL,
  `start` date NOT NULL,
  `end` date NOT NULL,
  `user_id` int(11) NOT NULL,
  `one_off` tinyint(4) NOT NULL,
  `duration_type` decimal(4,2) NOT NULL,
  `awaiting_auth` tinyint(4) DEFAULT '1',
  `day_count` mediumint(8) UNSIGNED NOT NULL,
  `notes` varchar(255) COLLATE utf8_unicode_ci NOT NULL DEFAULT '',
  `holiday_request_type_id` tinyint(4) DEFAULT '0'
) ENGINE=InnoDB DEFAULT CHARSET=utf8 COLLATE=utf8_unicode_ci;

--
-- Dumping data for table `holiday_request_groups`
--

INSERT INTO `holiday_request_groups` (`id`, `start`, `end`, `user_id`, `one_off`, `duration_type`, `awaiting_auth`, `day_count`, `notes`, `holiday_request_type_id`) VALUES
(1, '2016-01-01', '2016-01-01', 132, 1, '1.00', 0, 1, '', 0),
(2, '2016-01-29', '2016-01-29', 132, 1, '1.00', 0, 1, '', 0),
(3, '2016-03-14', '2016-03-14', 132, 1, '1.00', 0, 1, '', 0),
(4, '2016-03-15', '2016-03-15', 132, 1, '1.00', 0, 1, '', 0),
(5, '2016-03-16', '2016-03-16', 132, 1, '1.00', 0, 1, '', 0),
(6, '2016-03-17', '2016-03-17', 132, 1, '1.00', 0, 1, '', 0),
(7, '2016-03-18', '2016-03-18', 132, 1, '1.00', 0, 1, '', 0),
(8, '2016-03-21', '2016-03-21', 132, 1, '1.00', 0, 1, '', 0),
(9, '2016-03-22', '2016-03-22', 132, 1, '1.00', 0, 1, '', 0),
(10, '2016-03-23', '2016-03-23', 132, 1, '1.00', 0, 1, '', 0),
(11, '2016-03-24', '2016-03-24', 132, 1, '1.00', 0, 1, '', 0),
(12, '2016-03-25', '2016-03-25', 132, 1, '1.00', 0, 1, '', 0),
(13, '2016-05-04', '2016-05-04', 132, 1, '1.00', 0, 1, '', 0),
(14, '2016-07-04', '2016-07-04', 132, 1, '1.00', 0, 1, '', 0),
(15, '2016-07-05', '2016-07-05', 132, 1, '1.00', 0, 1, '', 0),
(16, '2016-10-21', '2016-10-21', 132, 1, '1.00', 0, 1, '', 0),
(17, '2016-10-24', '2016-10-24', 132, 1, '1.00', 0, 1, '', 0),
(18, '2016-10-25', '2016-10-25', 132, 1, '1.00', 0, 1, '', 0),
(19, '2016-10-26', '2016-10-26', 132, 1, '1.00', 0, 1, '', 0),
(20, '2016-10-27', '2016-10-27', 132, 1, '1.00', 0, 1, '', 0),
(21, '2016-10-28', '2016-10-28', 132, 1, '1.00', 0, 1, '', 0),
(22, '2016-12-22', '2016-12-22', 132, 1, '1.00', 0, 1, '', 0),
(23, '2016-12-23', '2016-12-23', 132, 1, '1.00', 0, 1, '', 0),
(24, '2016-12-26', '2016-12-26', 132, 1, '1.00', 0, 1, '', 0),
(25, '2016-12-27', '2016-12-27', 132, 1, '1.00', 0, 1, '', 0),
(26, '2016-12-28', '2016-12-28', 132, 1, '1.00', 0, 1, '', 0),
(27, '2016-12-29', '2016-12-29', 132, 1, '1.00', 0, 1, '', 0),
(28, '2016-12-30', '2016-12-30', 132, 1, '1.00', 0, 1, '', 0),
(29, '2016-01-01', '2016-01-01', 146, 1, '1.00', 0, 1, '', 0),
(30, '2016-04-05', '2016-04-05', 146, 1, '1.00', 0, 1, '', 0),
(31, '2016-04-06', '2016-04-06', 146, 1, '1.00', 0, 1, '', 0),
(32, '2016-06-07', '2016-06-07', 146, 1, '1.00', 0, 1, '', 0),
(33, '2016-06-08', '2016-06-08', 146, 1, '1.00', 0, 1, '', 0),
(34, '2016-12-26', '2016-12-26', 146, 1, '1.00', 0, 1, '', 0),
(35, '2016-12-27', '2016-12-27', 146, 1, '1.00', 0, 1, '', 0),
(36, '2016-01-01', '2016-01-01', 66, 1, '1.00', 0, 1, '', 0),
(37, '2016-02-05', '2016-02-05', 66, 1, '1.00', 0, 1, '', 0),
(38, '2016-03-21', '2016-03-21', 66, 1, '1.00', 0, 1, '', 0),
(39, '2016-03-22', '2016-03-22', 66, 1, '1.00', 0, 1, '', 0),
(40, '2016-03-23', '2016-03-23', 66, 1, '1.00', 0, 1, '', 0),
(41, '2016-03-24', '2016-03-24', 66, 1, '1.00', 0, 1, '', 0),
(42, '2016-03-25', '2016-03-25', 66, 1, '1.00', 0, 1, '', 0),
(43, '2016-03-30', '2016-03-30', 66, 1, '1.00', 0, 1, '', 0),
(44, '2016-03-31', '2016-03-31', 66, 1, '1.00', 0, 1, '', 0),
(45, '2016-04-18', '2016-04-18', 66, 1, '1.00', 0, 1, '', 0),
(46, '2016-04-25', '2016-04-25', 66, 1, '1.00', 0, 1, '', 0),
(47, '2016-05-19', '2016-05-19', 66, 1, '1.00', 0, 1, '', 1),
(48, '2016-05-20', '2016-05-20', 66, 1, '1.00', 0, 1, '', 1),
(49, '2016-05-30', '2016-05-30', 66, 1, '1.00', 0, 1, '', 0),
(50, '2016-05-31', '2016-05-31', 66, 1, '1.00', 0, 1, '', 0),
(51, '2016-09-12', '2016-09-12', 66, 1, '1.00', 0, 1, '', 0),
(52, '2016-09-13', '2016-09-13', 66, 1, '1.00', 0, 1, '', 0),
(53, '2016-09-14', '2016-09-14', 66, 1, '1.00', 0, 1, '', 0),
(54, '2016-09-15', '2016-09-15', 66, 1, '1.00', 0, 1, '', 0),
(55, '2016-09-16', '2016-09-16', 66, 1, '1.00', 0, 1, '', 0),
(56, '2016-09-19', '2016-09-19', 66, 1, '1.00', 0, 1, '', 0),
(57, '2016-09-20', '2016-09-20', 66, 1, '1.00', 0, 1, '', 0),
(58, '2016-09-21', '2016-09-21', 66, 1, '1.00', 0, 1, '', 0),
(59, '2016-09-22', '2016-09-22', 66, 1, '1.00', 0, 1, '', 0),
(60, '2016-09-23', '2016-09-23', 66, 1, '1.00', 0, 1, '', 0),
(61, '2016-12-26', '2016-12-26', 66, 1, '1.00', 0, 1, '', 0),
(62, '2016-12-27', '2016-12-27', 66, 1, '1.00', 0, 1, '', 0),
(63, '2016-01-01', '2016-01-01', 110, 1, '1.00', 0, 1, '', 0),
(64, '2016-01-29', '2016-01-29', 110, 1, '1.00', 0, 1, '', 0),
(65, '2016-03-29', '2016-03-29', 110, 1, '1.00', 0, 1, '', 0),
(66, '2016-03-30', '2016-03-30', 110, 1, '1.00', 0, 1, '', 0),
(67, '2016-03-31', '2016-03-31', 110, 1, '1.00', 0, 1, '', 0),
(68, '2016-04-01', '2016-04-01', 110, 1, '1.00', 0, 1, '', 0),
(69, '2016-04-04', '2016-04-04', 110, 1, '1.00', 0, 1, '', 0),
(70, '2016-04-05', '2016-04-05', 110, 1, '1.00', 0, 1, '', 0),
(71, '2016-05-27', '2016-05-27', 110, 1, '1.00', 0, 1, '', 0),
(72, '2016-05-30', '2016-05-30', 110, 1, '1.00', 0, 1, '', 0),
(73, '2016-08-08', '2016-08-08', 110, 1, '1.00', 0, 1, '', 0),
(74, '2016-08-09', '2016-08-09', 110, 1, '1.00', 0, 1, '', 0),
(75, '2016-08-10', '2016-08-10', 110, 1, '1.00', 0, 1, '', 0),
(76, '2016-08-01', '2016-08-01', 110, 1, '1.00', 0, 1, '', 0),
(77, '2016-08-12', '2016-08-12', 110, 1, '1.00', 0, 1, '', 0),
(78, '2016-12-26', '2016-12-26', 110, 1, '1.00', 0, 1, '', 0),
(79, '2016-12-27', '2016-12-27', 110, 1, '1.00', 0, 1, '', 0),
(80, '2016-12-28', '2016-12-28', 110, 1, '1.00', 0, 1, '', 0),
(81, '2016-12-29', '2016-12-29', 110, 1, '1.00', 0, 1, '', 0),
(82, '2016-12-30', '2016-12-30', 110, 1, '1.00', 0, 1, '', 0),
(83, '2016-01-01', '2016-01-01', 152, 1, '1.00', 0, 1, '', 0),
(84, '2016-02-04', '2016-02-04', 152, 1, '1.00', 0, 1, '', 0),
(85, '2016-02-05', '2016-02-05', 152, 1, '1.00', 0, 1, '', 0),
(86, '2016-02-26', '2016-02-26', 152, 1, '1.00', 0, 1, '', 0),
(87, '2016-04-22', '2016-04-22', 152, 1, '1.00', 0, 1, '', 0),
(88, '2016-05-02', '2016-05-02', 152, 1, '1.00', 0, 1, '', 0),
(89, '2016-05-03', '2016-05-03', 152, 1, '1.00', 0, 1, '', 0),
(90, '2016-05-05', '2016-05-05', 152, 1, '0.50', 0, 1, '', 0),
(91, '2016-12-26', '2016-12-26', 152, 1, '1.00', 0, 1, '', 0),
(92, '2016-12-27', '2016-12-27', 152, 1, '1.00', 0, 1, '', 0),
(93, '2016-01-01', '2016-01-01', 81, 1, '1.00', 0, 1, '', 0),
(94, '2016-02-19', '2016-02-19', 81, 1, '0.50', 0, 1, '', 0),
(95, '2016-03-31', '2016-03-31', 81, 1, '1.00', 0, 1, '', 0),
(96, '2016-04-11', '2016-04-11', 81, 1, '1.00', 0, 1, '', 0),
(97, '2016-04-12', '2016-04-12', 81, 1, '1.00', 0, 1, '', 0),
(98, '2016-04-13', '2016-04-13', 81, 1, '1.00', 0, 1, '', 0),
(99, '2016-04-14', '2016-04-14', 81, 1, '1.00', 0, 1, '', 0),
(100, '2016-05-09', '2016-05-09', 81, 1, '1.00', 0, 1, '', 0),
(101, '2016-05-10', '2016-05-10', 81, 1, '1.00', 0, 1, '', 0),
(102, '2016-05-11', '2016-05-11', 81, 1, '1.00', 0, 1, '', 0),
(103, '2016-05-12', '2016-05-12', 81, 1, '1.00', 0, 1, '', 0),
(104, '2016-06-23', '2016-06-23', 81, 1, '1.00', 0, 1, '', 0),
(105, '2016-12-26', '2016-12-26', 81, 1, '1.00', 0, 1, '', 0),
(106, '2016-12-27', '2016-12-27', 81, 1, '1.00', 0, 1, '', 0),
(107, '2016-01-01', '2016-01-01', 138, 1, '1.00', 0, 1, '', 0),
(108, '2016-03-04', '2016-03-04', 138, 1, '1.00', 0, 1, '', 0),
(109, '2016-03-07', '2016-03-07', 138, 1, '1.00', 0, 1, '', 0),
(110, '2016-03-08', '2016-03-08', 138, 1, '1.00', 0, 1, '', 0),
(111, '2016-03-09', '2016-03-09', 138, 1, '1.00', 0, 1, '', 0),
(112, '2016-03-10', '2016-03-10', 138, 1, '1.00', 0, 1, '', 0),
(113, '2016-03-11', '2016-03-11', 138, 1, '1.00', 0, 1, '', 0),
(114, '2016-03-17', '2016-03-17', 138, 1, '1.00', 0, 1, '', 0),
(115, '2016-03-29', '2016-03-29', 138, 1, '0.50', 0, 1, '', 0),
(116, '2016-04-07', '2016-04-07', 138, 1, '1.00', 0, 1, '', 0),
(117, '2016-04-08', '2016-04-08', 138, 1, '1.00', 0, 1, '', 0),
(118, '2016-04-11', '2016-04-11', 138, 1, '1.00', 0, 1, '', 0),
(119, '2016-04-29', '2016-04-29', 138, 1, '1.00', 0, 1, '', 0),
(120, '2016-05-19', '2016-05-19', 138, 1, '0.50', 0, 1, '', 0),
(121, '2016-05-27', '2016-05-27', 138, 1, '1.00', 0, 1, '', 0),
(122, '2016-05-30', '2016-05-30', 138, 1, '1.00', 0, 1, '', 0),
(123, '2016-07-25', '2016-07-25', 138, 1, '1.00', 0, 1, '', 0),
(124, '2016-07-26', '2016-07-26', 138, 1, '1.00', 0, 1, '', 0),
(125, '2016-07-27', '2016-07-27', 138, 1, '1.00', 0, 1, '', 0),
(126, '2016-07-28', '2016-07-28', 138, 1, '1.00', 0, 1, '', 0),
(127, '2016-07-29', '2016-07-29', 138, 1, '1.00', 0, 1, '', 0),
(128, '2016-08-01', '2016-08-01', 138, 1, '1.00', 0, 1, '', 0),
(129, '2016-12-26', '2016-12-26', 138, 1, '1.00', 0, 1, '', 0),
(130, '2016-12-27', '2016-12-27', 138, 1, '1.00', 0, 1, '', 0),
(131, '2016-01-01', '2016-01-01', 48, 1, '1.00', 0, 1, '', 0),
(132, '2016-01-06', '2016-01-06', 48, 1, '1.00', 0, 1, '', 1),
(133, '2016-01-07', '2016-01-07', 48, 1, '1.00', 0, 1, '', 1),
(134, '2016-01-08', '2016-01-08', 48, 1, '1.00', 0, 1, '', 1),
(135, '2016-01-25', '2016-01-25', 48, 1, '1.00', 0, 1, '', 0),
(136, '2016-03-25', '2016-03-25', 48, 1, '1.00', 0, 1, '', 0),
(137, '2016-05-28', '2016-05-28', 48, 1, '1.00', 0, 1, '', 0),
(138, '2016-03-31', '2016-03-31', 48, 1, '1.00', 0, 1, '', 0),
(139, '2016-04-25', '2016-04-25', 48, 1, '1.00', 0, 1, '', 0),
(140, '2016-05-02', '2016-05-02', 48, 1, '1.00', 0, 1, '', 0),
(141, '2016-05-31', '2016-05-31', 48, 1, '1.00', 0, 1, '', 0),
(142, '2016-06-03', '2016-06-03', 48, 1, '1.00', 0, 1, '', 0),
(143, '2016-06-29', '2016-06-29', 48, 1, '1.00', 0, 1, '', 0),
(144, '2016-09-02', '2016-09-02', 48, 1, '1.00', 0, 1, '', 0),
(145, '2016-09-05', '2016-09-05', 48, 1, '1.00', 0, 1, '', 0),
(146, '2016-12-22', '2016-12-22', 48, 1, '1.00', 0, 1, '', 0),
(147, '2016-12-23', '2016-12-23', 48, 1, '1.00', 0, 1, '', 0),
(148, '2016-12-26', '2016-12-26', 48, 1, '1.00', 0, 1, '', 0),
(149, '2016-12-27', '2016-12-27', 48, 1, '1.00', 0, 1, '', 0),
(150, '2016-12-28', '2016-12-28', 48, 1, '1.00', 0, 1, '', 0),
(151, '2016-12-29', '2016-12-29', 48, 1, '1.00', 0, 1, '', 0),
(152, '2016-12-30', '2016-12-30', 48, 1, '1.00', 0, 1, '', 0),
(153, '2016-01-01', '2016-01-01', 156, 1, '1.00', 0, 1, '', 0),
(154, '2016-03-11', '2016-03-11', 156, 1, '1.00', 0, 1, '', 0),
(155, '2016-03-25', '2016-03-25', 156, 1, '1.00', 0, 1, '', 0),
(156, '2016-04-14', '2016-04-14', 156, 1, '1.00', 0, 1, '', 0),
(157, '2016-04-15', '2016-04-15', 156, 1, '1.00', 0, 1, '', 0),
(158, '2016-05-02', '2016-05-02', 156, 1, '1.00', 0, 1, '', 0),
(159, '2016-07-01', '2016-07-01', 156, 1, '1.00', 0, 1, '', 0),
(160, '2016-07-11', '2016-07-11', 156, 1, '1.00', 0, 1, '', 0),
(161, '2016-07-12', '2016-07-12', 156, 1, '1.00', 0, 1, '', 0),
(162, '2016-07-13', '2016-07-13', 156, 1, '1.00', 0, 1, '', 0),
(163, '2016-07-14', '2016-07-14', 156, 1, '1.00', 0, 1, '', 0),
(164, '2016-07-15', '2016-07-15', 156, 1, '1.00', 0, 1, '', 0),
(165, '2016-07-18', '2016-07-18', 156, 1, '1.00', 0, 1, '', 0),
(166, '2016-07-28', '2016-07-28', 156, 1, '1.00', 0, 1, '', 0),
(167, '2016-07-29', '2016-07-29', 156, 1, '1.00', 0, 1, '', 0),
(168, '2016-12-26', '2016-12-26', 156, 1, '1.00', 0, 1, '', 0),
(169, '2016-12-27', '2016-12-27', 156, 1, '1.00', 0, 1, '', 0),
(170, '2016-01-01', '2016-01-01', 8, 1, '1.00', 0, 1, '', 0),
(171, '2016-01-15', '2016-01-15', 8, 1, '1.00', 0, 1, '', 0),
(172, '2016-02-24', '2016-02-24', 8, 1, '1.00', 0, 1, '', 0),
(173, '2016-03-25', '2016-03-25', 8, 1, '1.00', 0, 1, '', 0),
(174, '2016-03-28', '2016-03-28', 8, 1, '1.00', 0, 1, '', 0),
(175, '2016-04-11', '2016-04-11', 8, 1, '1.00', 0, 1, '', 0),
(176, '2016-04-22', '2016-04-22', 8, 1, '1.00', 0, 1, '', 0),
(177, '2016-04-25', '2016-04-25', 8, 1, '1.00', 0, 1, '', 0),
(178, '2016-05-02', '2016-05-02', 8, 1, '1.00', 0, 1, '', 0),
(179, '2016-05-03', '2016-05-03', 8, 1, '1.00', 0, 1, '', 0),
(180, '2016-05-04', '2016-05-04', 8, 1, '1.00', 0, 1, '', 0),
(181, '2016-05-05', '2016-05-05', 8, 1, '1.00', 0, 1, '', 0),
(182, '2016-05-06', '2016-05-06', 8, 1, '1.00', 0, 1, '', 0),
(183, '2016-08-04', '2016-08-04', 8, 1, '1.00', 0, 1, '', 0),
(184, '2016-08-05', '2016-08-05', 8, 1, '1.00', 0, 1, '', 0),
(185, '2016-08-22', '2016-08-22', 8, 1, '1.00', 0, 1, '', 0),
(186, '2016-08-23', '2016-08-23', 8, 1, '1.00', 0, 1, '', 0),
(187, '2016-08-24', '2016-08-24', 8, 1, '1.00', 0, 1, '', 0),
(188, '2016-08-25', '2016-08-25', 8, 1, '1.00', 0, 1, '', 0),
(189, '2016-08-26', '2016-08-26', 8, 1, '1.00', 0, 1, '', 0),
(190, '2016-12-26', '2016-12-26', 8, 1, '1.00', 0, 1, '', 0),
(191, '2016-12-27', '2016-12-27', 8, 1, '1.00', 0, 1, '', 0),
(192, '2016-01-01', '2016-01-01', 74, 1, '1.00', 0, 1, '', 0),
(193, '2016-01-11', '2016-01-11', 74, 1, '1.00', 0, 1, '', 0),
(194, '2016-01-29', '2016-01-29', 74, 1, '1.00', 0, 1, '', 0),
(195, '2016-02-25', '2016-02-25', 74, 1, '0.50', 0, 1, '', 0),
(196, '2016-03-04', '2016-03-04', 74, 1, '1.00', 0, 1, '', 0),
(197, '2016-03-25', '2016-03-25', 74, 1, '1.00', 0, 1, '', 0),
(198, '2016-04-11', '2016-04-11', 74, 1, '1.00', 0, 1, '', 0),
(199, '2016-04-25', '2016-04-25', 74, 1, '1.00', 0, 1, '', 0),
(200, '2016-05-02', '2016-05-02', 74, 1, '1.00', 0, 1, '', 0),
(201, '2016-05-09', '2016-05-09', 74, 1, '1.00', 0, 1, '', 0),
(202, '2016-05-30', '2016-05-30', 74, 1, '1.00', 0, 1, '', 0),
(203, '2016-06-02', '2016-06-02', 74, 1, '0.50', 0, 1, '', 0),
(204, '2016-06-03', '2016-06-03', 74, 1, '1.00', 0, 1, '', 0),
(205, '2016-06-07', '2016-06-07', 74, 1, '0.50', 0, 1, '', 0),
(206, '2016-06-14', '2016-06-14', 74, 1, '0.50', 0, 1, '', 0),
(207, '2016-06-16', '2016-06-16', 74, 1, '0.50', 0, 1, '', 0),
(208, '2016-06-22', '2016-06-22', 74, 1, '0.50', 0, 1, '', 0),
(209, '2016-06-28', '2016-06-28', 74, 1, '0.50', 0, 1, '', 0),
(210, '2016-07-18', '2016-07-18', 74, 1, '1.00', 0, 1, '', 0),
(211, '2016-08-02', '2016-08-02', 74, 1, '1.00', 0, 1, '', 0),
(212, '2016-08-03', '2016-08-03', 74, 1, '1.00', 0, 1, '', 0),
(213, '2016-08-04', '2016-08-04', 74, 1, '1.00', 0, 1, '', 0),
(214, '2016-08-05', '2016-08-05', 74, 1, '1.00', 0, 1, '', 0),
(215, '2016-08-08', '2016-08-08', 74, 1, '1.00', 0, 1, '', 0),
(216, '2016-08-09', '2016-08-09', 74, 1, '1.00', 0, 1, '', 0),
(217, '2016-08-10', '2016-08-10', 74, 1, '1.00', 0, 1, '', 0),
(218, '2016-08-11', '2016-08-11', 74, 1, '1.00', 0, 1, '', 0),
(219, '2016-10-10', '2016-10-10', 74, 1, '1.00', 0, 1, '', 0),
(220, '2016-10-31', '2016-10-31', 74, 1, '1.00', 0, 1, '', 0),
(221, '2016-11-18', '2016-11-18', 74, 1, '1.00', 0, 1, '', 2),
(222, '2016-12-02', '2016-12-02', 74, 1, '1.00', 0, 1, '', 0),
(223, '2016-12-05', '2016-12-05', 74, 1, '1.00', 0, 1, '', 0),
(224, '2016-12-26', '2016-12-26', 74, 1, '1.00', 0, 1, '', 0),
(225, '2016-12-27', '2016-12-27', 74, 1, '1.00', 0, 1, '', 0),
(226, '2016-12-28', '2016-12-28', 74, 1, '1.00', 0, 1, '', 0),
(227, '2016-01-01', '2016-01-01', 82, 1, '1.00', 0, 1, '', 0),
(228, '2016-02-01', '2016-02-01', 82, 1, '0.50', 0, 1, '', 0),
(229, '2016-03-11', '2016-03-11', 82, 1, '1.00', 0, 1, '', 0),
(230, '2016-03-14', '2016-03-14', 82, 1, '1.00', 0, 1, '', 0),
(231, '2016-03-15', '2016-03-15', 82, 1, '1.00', 0, 1, '', 0),
(232, '2016-03-16', '2016-03-16', 82, 1, '1.00', 0, 1, '', 0),
(233, '2016-06-28', '2016-06-28', 82, 1, '1.00', 0, 1, '', 0),
(234, '2016-06-29', '2016-06-29', 82, 1, '1.00', 0, 1, '', 0),
(235, '2016-07-04', '2016-07-04', 82, 1, '1.00', 0, 1, '', 0),
(236, '2016-07-05', '2016-07-05', 82, 1, '1.00', 0, 1, '', 0),
(237, '2016-12-20', '2016-12-20', 82, 1, '1.00', 0, 1, '', 0),
(238, '2016-12-21', '2016-12-21', 82, 1, '1.00', 0, 1, '', 0),
(239, '2016-12-22', '2016-12-22', 82, 1, '1.00', 0, 1, '', 0),
(240, '2016-12-23', '2016-12-23', 82, 1, '1.00', 0, 1, '', 0),
(241, '2016-12-26', '2016-12-26', 82, 1, '1.00', 0, 1, '', 0),
(242, '2016-12-27', '2016-12-27', 82, 1, '1.00', 0, 1, '', 0),
(243, '2016-12-28', '2016-12-28', 82, 1, '1.00', 0, 1, '', 0),
(244, '2016-12-29', '2016-12-29', 82, 1, '1.00', 0, 1, '', 0),
(245, '2016-12-30', '2016-12-30', 82, 1, '1.00', 0, 1, '', 0),
(246, '2016-01-01', '2016-01-01', 38, 1, '1.00', 0, 1, '', 0),
(247, '2016-02-02', '2016-02-02', 38, 1, '1.00', 0, 1, '', 1),
(248, '2016-01-26', '2016-01-26', 38, 1, '1.00', 0, 1, '', 0),
(249, '2016-02-22', '2016-02-22', 38, 1, '0.50', 0, 1, '', 0),
(250, '2016-02-23', '2016-02-23', 38, 1, '0.50', 0, 1, '', 0),
(251, '2016-02-24', '2016-02-24', 38, 1, '0.50', 0, 1, '', 0),
(252, '2016-02-25', '2016-02-25', 38, 1, '0.50', 0, 1, '', 0),
(253, '2016-03-28', '2016-03-28', 38, 1, '1.00', 0, 1, '', 0),
(254, '2016-04-08', '2016-04-08', 38, 1, '1.00', 0, 1, '', 2),
(255, '2016-05-02', '2016-05-02', 38, 1, '1.00', 0, 1, '', 0),
(256, '2016-02-09', '2016-02-09', 38, 1, '0.50', 0, 1, '', 0),
(257, '2016-05-30', '2016-05-30', 38, 1, '1.00', 0, 1, '', 0),
(258, '2016-06-09', '2016-06-09', 38, 1, '1.00', 0, 1, '', 0),
(259, '2016-06-10', '2016-06-10', 38, 1, '1.00', 0, 1, '', 0),
(260, '2016-06-13', '2016-06-13', 38, 1, '1.00', 0, 1, '', 0),
(261, '2016-06-14', '2016-06-14', 38, 1, '1.00', 0, 1, '', 0),
(262, '2016-07-21', '2016-07-21', 38, 1, '1.00', 0, 1, '', 0),
(263, '2016-07-22', '2016-07-22', 38, 1, '1.00', 0, 1, '', 0),
(264, '2016-07-25', '2016-07-25', 38, 1, '1.00', 0, 1, '', 0),
(265, '2016-08-18', '2016-08-18', 38, 1, '1.00', 0, 1, '', 0),
(266, '2016-08-19', '2016-08-19', 38, 1, '1.00', 0, 1, '', 0),
(267, '2016-08-22', '2016-08-22', 38, 1, '1.00', 0, 1, '', 0),
(268, '2016-08-26', '2016-08-26', 38, 1, '1.00', 0, 1, '', 0),
(269, '2016-08-29', '2016-08-29', 38, 1, '1.00', 0, 1, '', 0),
(270, '2016-12-22', '2016-12-22', 38, 1, '1.00', 0, 1, '', 0),
(271, '2016-12-23', '2016-12-23', 38, 1, '1.00', 0, 1, '', 0),
(272, '2016-12-26', '2016-12-26', 38, 1, '1.00', 0, 1, '', 0),
(273, '0201-12-27', '0201-12-27', 38, 1, '1.00', 0, 1, '', 0),
(274, '2016-12-28', '2016-12-28', 38, 1, '1.00', 0, 1, '', 0),
(275, '2016-12-29', '2016-12-29', 38, 1, '1.00', 0, 1, '', 0),
(276, '2016-12-30', '2016-12-30', 38, 1, '1.00', 0, 1, '', 0),
(277, '2016-01-01', '2016-01-01', 118, 1, '1.00', 0, 1, '', 0),
(278, '2016-02-29', '2016-02-29', 118, 1, '1.00', 0, 1, '', 0),
(279, '2016-03-01', '2016-03-01', 118, 1, '1.00', 0, 1, '', 0),
(280, '2016-03-02', '2016-03-02', 118, 1, '1.00', 0, 1, '', 0),
(281, '2016-03-03', '2016-03-03', 118, 1, '1.00', 0, 1, '', 0),
(282, '2016-03-04', '2016-03-04', 118, 1, '1.00', 0, 1, '', 0),
(283, '2016-04-07', '2016-04-07', 118, 1, '1.00', 0, 1, '', 0),
(284, '2016-04-08', '2016-04-08', 118, 1, '1.00', 0, 1, '', 0),
(285, '2016-05-12', '2016-05-12', 118, 1, '1.00', 0, 1, '', 0),
(286, '2016-05-13', '2016-05-13', 118, 1, '1.00', 0, 1, '', 0),
(287, '2016-06-17', '2016-06-17', 118, 1, '1.00', 0, 1, '', 0),
(288, '2016-07-01', '2016-07-01', 118, 1, '1.00', 0, 1, '', 0),
(289, '2016-08-01', '2016-08-01', 118, 1, '1.00', 0, 1, '', 0),
(290, '2016-08-02', '2016-08-02', 118, 1, '1.00', 0, 1, '', 0),
(291, '2016-08-03', '2016-08-03', 118, 1, '1.00', 0, 1, '', 0),
(292, '2016-08-04', '2016-08-04', 118, 1, '1.00', 0, 1, '', 0),
(293, '2016-08-05', '2016-08-05', 118, 1, '1.00', 0, 1, '', 0),
(294, '2016-12-02', '2016-12-02', 118, 1, '1.00', 0, 1, '', 0),
(295, '2016-12-05', '2016-12-05', 118, 1, '1.00', 0, 1, '', 0),
(296, '2016-12-26', '2016-12-26', 118, 1, '1.00', 0, 1, '', 0),
(297, '2016-12-27', '2016-12-27', 118, 1, '1.00', 0, 1, '', 0),
(298, '2016-01-01', '2016-01-01', 26, 1, '1.00', 0, 1, '', 0),
(299, '2016-02-25', '2016-02-25', 26, 1, '1.00', 0, 1, '', 0),
(300, '2016-02-26', '2016-02-26', 26, 1, '1.00', 0, 1, '', 0),
(301, '2016-03-07', '2016-03-07', 26, 1, '0.50', 0, 1, '', 1),
(302, '2016-03-31', '2016-03-31', 26, 1, '1.00', 0, 1, '', 0),
(303, '2016-04-29', '2016-04-29', 26, 1, '1.00', 0, 1, '', 0),
(304, '2016-05-02', '2016-05-02', 26, 1, '1.00', 0, 1, '', 0),
(305, '2016-05-03', '2016-05-03', 26, 1, '1.00', 0, 1, '', 0),
(306, '2016-05-04', '2016-05-04', 26, 1, '1.00', 0, 1, '', 1),
(307, '2016-05-20', '2016-05-20', 26, 1, '1.00', 0, 1, '', 0),
(308, '2016-05-23', '2016-05-23', 26, 1, '1.00', 0, 1, '', 0),
(309, '2016-05-24', '2016-05-24', 26, 1, '1.00', 0, 1, '', 0),
(310, '2016-05-25', '2016-05-25', 26, 1, '1.00', 0, 1, '', 0),
(311, '2016-06-01', '2016-06-01', 26, 1, '1.00', 0, 1, '', 1),
(312, '2016-08-24', '2016-08-24', 26, 1, '1.00', 0, 1, '', 0),
(313, '2016-08-25', '2016-08-25', 26, 1, '1.00', 0, 1, '', 0),
(314, '2016-08-26', '2016-08-26', 26, 1, '1.00', 0, 1, '', 0),
(315, '2016-08-29', '2016-08-29', 26, 1, '1.00', 0, 1, '', 0),
(316, '2016-08-30', '2016-08-30', 26, 1, '1.00', 0, 1, '', 0),
(317, '2016-08-31', '2016-08-31', 26, 1, '1.00', 0, 1, '', 0),
(318, '2016-09-01', '2016-09-01', 26, 1, '1.00', 0, 1, '', 0),
(319, '2016-09-02', '2016-09-02', 26, 1, '1.00', 0, 1, '', 0),
(320, '2016-09-05', '2016-09-05', 26, 1, '1.00', 0, 1, '', 0),
(321, '2016-09-06', '2016-09-06', 26, 1, '1.00', 0, 1, '', 0),
(322, '2016-09-23', '2016-09-23', 26, 1, '1.00', 0, 1, '', 0),
(323, '2016-12-26', '2016-12-26', 26, 1, '1.00', 0, 1, '', 0),
(324, '2016-12-27', '2016-12-27', 26, 1, '1.00', 0, 1, '', 0),
(325, '2016-01-01', '2016-01-01', 107, 1, '1.00', 0, 1, '', 0),
(326, '2016-02-04', '2016-02-04', 107, 1, '1.00', 0, 1, '', 0),
(327, '2016-02-05', '2016-02-05', 107, 1, '1.00', 0, 1, '', 0),
(328, '2016-03-09', '2016-03-09', 107, 1, '0.50', 0, 1, '', 0),
(329, '2016-03-25', '2016-03-25', 107, 1, '0.50', 0, 1, '', 0),
(330, '2016-05-11', '2016-05-11', 107, 1, '1.00', 0, 1, '', 0),
(331, '2016-05-12', '2016-05-12', 107, 1, '1.00', 0, 1, '', 0),
(332, '2016-05-16', '2016-05-16', 107, 1, '1.00', 0, 1, '', 0),
(333, '2016-05-17', '2016-05-17', 107, 1, '1.00', 0, 1, '', 0),
(334, '2016-05-18', '2016-05-18', 107, 1, '1.00', 0, 1, '', 0),
(335, '2016-07-06', '2016-07-06', 107, 1, '1.00', 0, 1, '', 0),
(336, '2016-07-08', '2016-07-08', 107, 1, '1.00', 0, 1, '', 0),
(337, '2016-07-11', '2016-07-11', 107, 1, '1.00', 0, 1, '', 0),
(338, '2016-07-12', '2016-07-12', 107, 1, '1.00', 0, 1, '', 0),
(339, '2016-07-13', '2016-07-13', 107, 1, '1.00', 0, 1, '', 0),
(340, '2016-07-14', '2016-07-14', 107, 1, '1.00', 0, 1, '', 0),
(341, '2016-07-15', '2016-07-15', 107, 1, '1.00', 0, 1, '', 0),
(342, '2016-08-24', '2016-08-24', 107, 1, '1.00', 0, 1, '', 2),
(343, '2016-11-07', '2016-11-07', 107, 1, '1.00', 0, 1, '', 0),
(344, '2016-11-08', '2016-11-08', 107, 1, '1.00', 0, 1, '', 0),
(345, '2016-11-09', '2016-11-09', 107, 1, '1.00', 0, 1, '', 0),
(346, '2016-11-10', '2016-11-10', 107, 1, '1.00', 0, 1, '', 0),
(347, '2016-11-11', '2016-11-11', 107, 1, '1.00', 0, 1, '', 0),
(348, '2016-12-15', '2016-12-15', 107, 1, '1.00', 0, 1, '', 0),
(349, '2016-12-16', '2016-12-16', 107, 1, '1.00', 0, 1, '', 0),
(350, '2016-12-19', '2016-12-19', 107, 1, '1.00', 0, 1, '', 0),
(351, '2016-12-20', '2016-12-20', 107, 1, '1.00', 0, 1, '', 0),
(352, '2016-12-21', '2016-12-21', 107, 1, '1.00', 0, 1, '', 0),
(353, '2016-12-22', '2016-12-22', 107, 1, '1.00', 0, 1, '', 0),
(354, '2016-12-23', '2016-12-23', 107, 1, '1.00', 0, 1, '', 0),
(355, '2016-12-26', '2016-12-26', 107, 1, '1.00', 0, 1, '', 0),
(356, '2016-12-27', '2016-12-27', 107, 1, '1.00', 0, 1, '', 0),
(357, '2016-01-01', '2016-01-01', 77, 1, '1.00', 0, 1, '', 0),
(358, '2016-01-25', '2016-01-25', 77, 1, '1.00', 0, 1, '', 0),
(359, '2016-03-01', '2016-03-01', 77, 1, '0.50', 0, 1, '', 1),
(360, '2016-03-28', '2016-03-28', 77, 1, '1.00', 0, 1, '', 0),
(361, '2016-03-29', '2016-03-29', 77, 1, '1.00', 0, 1, '', 0),
(362, '2016-03-31', '2016-03-31', 77, 1, '1.00', 0, 1, '', 0),
(363, '2016-05-27', '2016-05-27', 77, 1, '1.00', 0, 1, '', 0),
(364, '2016-09-05', '2016-09-05', 77, 1, '1.00', 0, 1, '', 0),
(365, '2016-09-06', '2016-09-06', 77, 1, '1.00', 0, 1, '', 0),
(366, '2016-09-07', '2016-09-07', 77, 1, '1.00', 0, 1, '', 0),
(367, '2016-09-08', '2016-09-08', 77, 1, '1.00', 0, 1, '', 0),
(368, '2016-09-09', '2016-09-09', 77, 1, '1.00', 0, 1, '', 0),
(369, '2016-12-26', '2016-12-26', 77, 1, '1.00', 0, 1, '', 0),
(370, '2016-12-27', '2016-12-27', 77, 1, '1.00', 0, 1, '', 0),
(371, '2016-01-01', '2016-01-01', 99, 1, '1.00', 0, 1, '', 0),
(372, '2016-01-14', '2016-01-14', 99, 1, '1.00', 0, 1, '', 0),
(373, '2016-01-15', '2016-01-15', 99, 1, '1.00', 0, 1, '', 0),
(374, '2016-02-29', '2016-02-29', 99, 1, '1.00', 0, 1, '', 0),
(375, '2016-03-01', '2016-03-01', 99, 1, '1.00', 0, 1, '', 0),
(376, '2016-03-02', '2016-03-02', 99, 1, '1.00', 0, 1, '', 0),
(377, '2016-03-03', '2016-03-03', 99, 1, '1.00', 0, 1, '', 0),
(378, '2016-03-04', '2016-03-04', 99, 1, '1.00', 0, 1, '', 0),
(379, '2016-03-28', '2016-03-28', 99, 1, '1.00', 0, 1, '', 0),
(380, '2016-06-13', '2016-06-13', 99, 1, '1.00', 0, 1, '', 0),
(381, '2016-06-14', '2016-06-14', 99, 1, '1.00', 0, 1, '', 0),
(382, '2016-06-15', '2016-06-15', 99, 1, '1.00', 0, 1, '', 0),
(383, '2016-06-16', '2016-06-16', 99, 1, '1.00', 0, 1, '', 0),
(384, '2016-06-17', '2016-06-17', 99, 1, '1.00', 0, 1, '', 0),
(385, '2016-08-15', '2016-08-15', 99, 1, '1.00', 0, 1, '', 0),
(386, '2016-08-16', '2016-08-16', 99, 1, '1.00', 0, 1, '', 0),
(387, '2016-08-17', '2016-08-17', 99, 1, '1.00', 0, 1, '', 0),
(388, '2016-08-18', '2016-08-18', 99, 1, '1.00', 0, 1, '', 0),
(389, '2016-08-19', '2016-08-19', 99, 1, '1.00', 0, 1, '', 0),
(390, '2016-12-26', '2016-12-26', 99, 1, '1.00', 0, 1, '', 0),
(391, '2016-12-27', '2016-12-27', 99, 1, '1.00', 0, 1, '', 0),
(392, '2016-08-12', '2016-08-12', 30, 1, '1.00', 0, 1, '', 0),
(393, '2016-09-12', '2016-09-12', 30, 1, '1.00', 0, 1, '', 0),
(394, '2016-09-13', '2016-09-13', 30, 1, '1.00', 0, 1, '', 0),
(395, '2016-09-14', '2016-09-14', 30, 1, '1.00', 0, 1, '', 0),
(396, '2016-09-15', '2016-09-15', 30, 1, '1.00', 0, 1, '', 0),
(397, '2016-09-16', '2016-09-16', 30, 1, '1.00', 0, 1, '', 0),
(398, '2016-09-19', '2016-09-19', 30, 1, '1.00', 0, 1, '', 0),
(399, '2016-09-20', '2016-09-20', 30, 1, '1.00', 0, 1, '', 0),
(400, '2016-09-21', '2016-09-21', 30, 1, '1.00', 0, 1, '', 0),
(401, '2016-09-22', '2016-09-22', 30, 1, '1.00', 0, 1, '', 0),
(402, '2016-09-23', '2016-09-23', 30, 1, '1.00', 0, 1, '', 0),
(403, '2016-09-26', '2016-09-26', 30, 1, '1.00', 0, 1, '', 0),
(404, '2016-09-27', '2016-09-27', 30, 1, '1.00', 0, 1, '', 0),
(405, '2016-09-28', '2016-09-28', 30, 1, '1.00', 0, 1, '', 0),
(406, '2016-09-29', '2016-09-29', 30, 1, '1.00', 0, 1, '', 0),
(407, '2016-11-17', '2016-11-17', 30, 1, '1.00', 0, 1, '', 0),
(408, '2016-11-18', '2016-11-18', 30, 1, '1.00', 0, 1, '', 0),
(409, '2016-11-21', '2016-11-21', 30, 1, '1.00', 0, 1, '', 0),
(410, '2016-11-22', '2016-11-22', 30, 1, '1.00', 0, 1, '', 0),
(411, '2016-11-23', '2016-11-23', 30, 1, '1.00', 0, 1, '', 0),
(412, '2016-11-24', '2016-11-24', 30, 1, '1.00', 0, 1, '', 0),
(413, '2016-11-25', '2016-11-25', 30, 1, '1.00', 0, 1, '', 0),
(414, '2016-12-19', '2016-12-19', 30, 1, '1.00', 0, 1, '', 0),
(415, '2016-12-20', '2016-12-20', 30, 1, '1.00', 0, 1, '', 0),
(416, '2016-12-22', '2016-12-22', 30, 1, '1.00', 0, 1, '', 0),
(417, '2016-12-23', '2016-12-23', 30, 1, '1.00', 0, 1, '', 0),
(418, '2016-12-26', '2016-12-26', 30, 1, '1.00', 0, 1, '', 0),
(419, '2016-12-27', '2016-12-27', 30, 1, '1.00', 0, 1, '', 0),
(420, '2016-12-28', '2016-12-28', 30, 1, '1.00', 0, 1, '', 0),
(421, '2016-12-29', '2016-12-29', 30, 1, '1.00', 0, 1, '', 0),
(422, '2016-12-30', '2016-12-30', 30, 1, '1.00', 0, 1, '', 0),
(423, '2016-01-01', '2016-01-01', 70, 1, '1.00', 0, 1, '', 0),
(424, '2016-01-04', '2016-01-04', 70, 1, '1.00', 0, 1, '', 0),
(425, '2016-01-05', '2016-01-05', 70, 1, '1.00', 0, 1, '', 0),
(426, '2016-01-06', '2016-01-06', 70, 1, '1.00', 0, 1, '', 0),
(427, '2016-01-07', '2016-01-07', 70, 1, '1.00', 0, 1, '', 0),
(428, '2016-02-15', '2016-02-15', 70, 1, '1.00', 0, 1, '', 1),
(429, '2016-02-16', '2016-02-16', 70, 1, '1.00', 0, 1, '', 0),
(430, '2016-02-17', '2016-02-17', 70, 1, '1.00', 0, 1, '', 0),
(431, '2016-03-18', '2016-03-18', 70, 1, '1.00', 0, 1, '', 0),
(432, '2016-03-21', '2016-03-21', 70, 1, '1.00', 0, 1, '', 0),
(433, '2016-04-06', '2016-04-06', 70, 1, '1.00', 0, 1, '', 0),
(434, '2016-04-07', '2016-04-07', 70, 1, '1.00', 0, 1, '', 0),
(435, '2016-04-08', '2016-04-08', 70, 1, '1.00', 0, 1, '', 0),
(436, '2016-05-02', '2016-05-02', 70, 1, '1.00', 0, 1, '', 0),
(437, '2016-05-30', '2016-05-30', 70, 1, '1.00', 0, 1, '', 0),
(438, '2016-06-10', '2016-06-10', 70, 1, '1.00', 0, 1, '', 1),
(439, '2016-07-01', '2016-07-01', 70, 1, '0.50', 0, 1, '', 0),
(440, '2016-07-18', '2016-07-18', 70, 1, '1.00', 0, 1, '', 0),
(441, '2016-07-19', '2016-07-19', 70, 1, '1.00', 0, 1, '', 0),
(442, '2016-07-20', '2016-07-20', 70, 1, '1.00', 0, 1, '', 0),
(443, '2016-07-21', '2016-07-21', 70, 1, '1.00', 0, 1, '', 0),
(444, '2016-07-22', '2016-07-22', 70, 1, '1.00', 0, 1, '', 0),
(445, '2016-08-05', '2016-08-05', 70, 1, '1.00', 0, 1, '', 0),
(446, '2016-08-29', '2016-08-29', 70, 1, '1.00', 0, 1, '', 0),
(447, '2016-12-26', '2016-12-26', 70, 1, '1.00', 0, 1, '', 0),
(448, '2016-12-27', '2016-12-27', 70, 1, '1.00', 0, 1, '', 0),
(449, '2016-01-01', '2016-01-01', 167, 1, '1.00', 0, 1, '', 0),
(450, '2016-02-19', '2016-02-19', 167, 1, '0.50', 0, 1, '', 0),
(451, '2016-03-01', '2016-03-01', 167, 1, '1.00', 0, 1, '', 0),
(452, '2016-03-07', '2016-03-07', 167, 1, '1.00', 0, 1, '', 0),
(453, '2016-04-05', '2016-04-05', 167, 1, '1.00', 0, 1, '', 0),
(454, '2016-04-25', '2016-04-25', 167, 1, '1.00', 0, 1, '', 0),
(455, '2016-04-26', '2016-04-26', 167, 1, '1.00', 0, 1, '', 0),
(456, '2016-05-13', '2016-05-13', 167, 1, '1.00', 0, 1, '', 0),
(457, '2016-06-06', '2016-06-06', 167, 1, '1.00', 0, 1, '', 0),
(458, '2016-06-07', '2016-06-07', 167, 1, '1.00', 0, 1, '', 0),
(459, '2016-06-08', '2016-06-08', 167, 1, '1.00', 0, 1, '', 0),
(460, '2016-06-09', '2016-06-09', 167, 1, '1.00', 0, 1, '', 0),
(461, '2016-06-10', '2016-06-10', 167, 1, '1.00', 0, 1, '', 0),
(462, '2016-07-05', '2016-07-05', 167, 1, '1.00', 0, 1, '', 0),
(463, '2016-07-06', '2016-07-06', 167, 1, '1.00', 0, 1, '', 0),
(464, '2016-07-21', '2016-07-21', 167, 1, '1.00', 0, 1, '', 0),
(465, '2016-07-22', '2016-07-22', 167, 1, '1.00', 0, 1, '', 0),
(466, '2016-08-29', '2016-08-29', 167, 1, '1.00', 0, 1, '', 0),
(467, '2016-12-26', '2016-12-26', 167, 1, '1.00', 0, 1, '', 0),
(468, '2016-12-27', '2016-12-27', 167, 1, '1.00', 0, 1, '', 0),
(469, '2016-01-25', '2016-01-25', 54, 1, '1.00', 0, 1, '', 1),
(470, '2016-02-05', '2016-02-05', 54, 1, '1.00', 0, 1, '', 1),
(471, '2016-02-10', '2016-02-10', 54, 1, '1.00', 0, 1, '', 1),
(472, '2016-02-15', '2016-02-15', 54, 1, '1.00', 0, 1, '', 0),
(473, '2016-02-16', '2016-02-16', 54, 1, '1.00', 0, 1, '', 1),
(474, '2016-05-18', '2016-05-18', 54, 1, '1.00', 0, 1, '', 0),
(475, '2016-05-20', '2016-05-20', 54, 1, '1.00', 0, 1, '', 0),
(476, '2016-05-23', '2016-05-23', 54, 1, '1.00', 0, 1, '', 0),
(477, '2016-06-03', '2016-06-03', 54, 1, '1.00', 0, 1, '', 0),
(478, '2016-07-18', '2016-07-18', 54, 1, '1.00', 0, 1, '', 0),
(479, '2016-07-19', '2016-07-19', 54, 1, '1.00', 0, 1, '', 0),
(480, '2016-07-20', '2016-07-20', 54, 1, '1.00', 0, 1, '', 0),
(481, '2016-07-21', '2016-07-21', 54, 1, '1.00', 0, 1, '', 0),
(482, '2016-07-22', '2016-07-22', 54, 1, '1.00', 0, 1, '', 0),
(483, '2016-07-25', '2016-07-25', 54, 1, '1.00', 0, 1, '', 0),
(484, '2016-07-26', '2016-07-26', 54, 1, '1.00', 0, 1, '', 0),
(485, '2016-12-26', '2016-12-26', 54, 1, '1.00', 0, 1, '', 0),
(486, '2016-12-27', '2016-12-27', 54, 1, '1.00', 0, 1, '', 0),
(487, '2016-01-25', '2016-01-25', 125, 1, '0.50', 0, 1, '', 1),
(488, '2016-02-17', '2016-02-17', 125, 1, '1.00', 0, 1, '', 1),
(489, '2016-02-25', '2016-02-25', 125, 1, '1.00', 0, 1, '', 0),
(490, '2016-02-26', '2016-02-26', 125, 1, '1.00', 0, 1, '', 0),
(491, '2016-03-17', '2016-03-17', 125, 1, '1.00', 0, 1, '', 0),
(492, '2016-04-06', '2016-04-06', 125, 1, '1.00', 0, 1, '', 1),
(493, '2016-04-12', '2016-04-12', 125, 1, '1.00', 0, 1, '', 1),
(494, '2016-05-25', '2016-05-25', 125, 1, '1.00', 0, 1, '', 0),
(495, '2016-05-26', '2016-05-26', 125, 1, '1.00', 0, 1, '', 0),
(496, '2016-05-27', '2016-05-27', 125, 1, '1.00', 0, 1, '', 0),
(497, '2016-05-30', '2016-05-30', 125, 1, '1.00', 0, 1, '', 0),
(498, '2016-05-31', '2016-05-31', 125, 1, '1.00', 0, 1, '', 0),
(499, '2016-07-07', '2016-07-07', 125, 1, '1.00', 0, 1, '', 0),
(500, '2016-07-08', '2016-07-08', 125, 1, '1.00', 0, 1, '', 0),
(501, '2016-07-11', '2016-07-11', 125, 1, '1.00', 0, 1, '', 0),
(502, '2016-10-31', '2016-10-31', 125, 1, '0.50', 0, 1, '', 0),
(503, '2016-12-26', '2016-12-26', 125, 1, '1.00', 0, 1, '', 0),
(504, '2016-12-27', '2016-12-27', 125, 1, '1.00', 0, 1, '', 0),
(505, '2016-05-26', '2016-05-26', 166, 1, '1.00', 0, 1, '', 0),
(506, '2016-05-27', '2016-05-27', 166, 1, '1.00', 0, 1, '', 0),
(507, '2016-05-30', '2016-05-30', 166, 1, '1.00', 0, 1, '', 0),
(508, '2016-08-05', '2016-08-05', 166, 1, '1.00', 0, 1, '', 0),
(509, '2016-08-08', '2016-08-08', 166, 1, '1.00', 0, 1, '', 0),
(510, '2016-08-09', '2016-08-09', 166, 1, '1.00', 0, 1, '', 0),
(511, '2016-08-10', '2016-08-10', 166, 1, '1.00', 0, 1, '', 0),
(512, '2016-08-11', '2016-08-11', 166, 1, '1.00', 0, 1, '', 0),
(513, '2016-08-12', '2016-08-12', 166, 1, '1.00', 0, 1, '', 0),
(514, '2016-08-15', '2016-08-15', 166, 1, '1.00', 0, 1, '', 0),
(515, '2016-08-16', '2016-08-16', 166, 1, '1.00', 0, 1, '', 0),
(516, '2016-12-23', '2016-12-23', 166, 1, '1.00', 0, 1, '', 0),
(517, '2016-12-26', '2016-12-26', 166, 1, '1.00', 0, 1, '', 0),
(518, '2016-12-27', '2016-12-27', 166, 1, '1.00', 0, 1, '', 0),
(519, '2016-12-28', '2016-12-28', 166, 1, '1.00', 0, 1, '', 0),
(520, '2016-12-29', '2016-12-29', 166, 1, '1.00', 0, 1, '', 0),
(521, '2016-12-30', '2016-12-30', 166, 1, '1.00', 0, 1, '', 0),
(522, '2016-06-22', '2016-06-22', 165, 1, '1.00', 0, 1, '', 1),
(523, '2016-06-23', '2016-06-23', 165, 1, '1.00', 0, 1, '', 1),
(524, '2016-06-24', '2016-06-24', 165, 1, '1.00', 0, 1, '', 1),
(525, '2016-07-22', '2016-07-22', 165, 1, '1.00', 0, 1, '', 0),
(526, '2016-07-25', '2016-07-25', 165, 1, '1.00', 0, 1, '', 0),
(527, '2016-08-12', '2016-08-12', 165, 1, '1.00', 0, 1, '', 0),
(528, '2016-08-15', '2016-08-15', 165, 1, '1.00', 0, 1, '', 0),
(529, '2016-12-26', '2016-12-26', 165, 1, '1.00', 0, 1, '', 0),
(530, '2016-12-27', '2016-12-27', 165, 1, '1.00', 0, 1, '', 0),
(531, '2016-12-26', '2016-12-26', 164, 1, '1.00', 0, 1, '', 0),
(532, '2016-12-27', '2016-12-27', 164, 1, '1.00', 0, 1, '', 0);

-- --------------------------------------------------------

--
-- Table structure for table `ideas`
--

CREATE TABLE `ideas` (
  `id` int(10) UNSIGNED NOT NULL,
  `idea_name` varchar(255) COLLATE utf8_unicode_ci NOT NULL,
  `description` text COLLATE utf8_unicode_ci NOT NULL,
  `created_at` timestamp NOT NULL DEFAULT '0000-00-00 00:00:00',
  `updated_at` timestamp NOT NULL DEFAULT '0000-00-00 00:00:00',
  `idea_status_id` tinyint(1) NOT NULL DEFAULT '1',
  `user_id` int(10) UNSIGNED NOT NULL
) ENGINE=InnoDB DEFAULT CHARSET=utf8 COLLATE=utf8_unicode_ci;

--
-- Dumping data for table `ideas`
--

INSERT INTO `ideas` (`id`, `idea_name`, `description`, `created_at`, `updated_at`, `idea_status_id`, `user_id`) VALUES
(1, 'Feedback for trial', '<h1>Hello Limitless People!</h1>\r\n<p>Please leave any feedback here</p>\r\n<p>&nbsp;</p>', '2016-07-07 14:19:35', '2016-07-07 14:19:35', 1, 67);

-- --------------------------------------------------------

--
-- Table structure for table `idea_comments`
--

CREATE TABLE `idea_comments` (
  `id` int(10) UNSIGNED NOT NULL,
  `idea_id` int(11) NOT NULL,
  `user_id` int(11) NOT NULL,
  `idea_comment` text COLLATE utf8_unicode_ci NOT NULL,
  `created_at` timestamp NOT NULL DEFAULT '0000-00-00 00:00:00',
  `updated_at` timestamp NOT NULL DEFAULT '0000-00-00 00:00:00'
) ENGINE=InnoDB DEFAULT CHARSET=utf8 COLLATE=utf8_unicode_ci;

-- --------------------------------------------------------

--
-- Table structure for table `idea_likes`
--

CREATE TABLE `idea_likes` (
  `id` int(10) UNSIGNED NOT NULL,
  `ideas_id` int(11) NOT NULL,
  `users_id` int(11) NOT NULL
) ENGINE=InnoDB DEFAULT CHARSET=utf8 COLLATE=utf8_unicode_ci;

--
-- Dumping data for table `idea_likes`
--

INSERT INTO `idea_likes` (`id`, `ideas_id`, `users_id`) VALUES
(1, 1, 67);

-- --------------------------------------------------------

--
-- Table structure for table `idea_status`
--

CREATE TABLE `idea_status` (
  `id` int(10) UNSIGNED NOT NULL,
  `idea_status_name` varchar(255) COLLATE utf8_unicode_ci NOT NULL
) ENGINE=InnoDB DEFAULT CHARSET=utf8 COLLATE=utf8_unicode_ci;

--
-- Dumping data for table `idea_status`
--

INSERT INTO `idea_status` (`id`, `idea_status_name`) VALUES
(1, 'New (To be reviewed)'),
(2, 'Approved'),
(3, 'Declined');

-- --------------------------------------------------------

--
-- Table structure for table `migrations`
--

CREATE TABLE `migrations` (
  `migration` varchar(255) COLLATE utf8_unicode_ci NOT NULL,
  `batch` int(11) NOT NULL
) ENGINE=InnoDB DEFAULT CHARSET=utf8 COLLATE=utf8_unicode_ci;

-- --------------------------------------------------------

--
-- Table structure for table `organisation_units`
--

CREATE TABLE `organisation_units` (
  `id` int(10) UNSIGNED NOT NULL,
  `organisation_unit_name` varchar(128) COLLATE utf8_unicode_ci NOT NULL,
  `organisation_unit_slug` varchar(255) COLLATE utf8_unicode_ci NOT NULL,
  `business_id` int(11) NOT NULL
) ENGINE=InnoDB DEFAULT CHARSET=utf8 COLLATE=utf8_unicode_ci;

--
-- Dumping data for table `organisation_units`
--

INSERT INTO `organisation_units` (`id`, `organisation_unit_name`, `organisation_unit_slug`, `business_id`) VALUES
(1, 'Information Technology', 'information-technology', 1),
(2, 'Commercial', 'commercial', 1),
(3, 'Translation', 'translation', 1),
(4, 'Bathrooom', 'bathroom', 1),
(5, 'Heating', 'heating', 1),
(6, 'Customer Pre-Sales', 'customer-pre-sales', 1),
(7, 'LED and Solar', 'led-and-solar', 1),
(8, 'Customer Experience', 'customer-experience', 1),
(9, 'Finance', 'finance', 1),
(10, 'Business Administration', 'business-administration', 1),
(11, 'Human Resource', 'human-resource', 1),
(12, 'Warehouse', 'warehouse', 1),
(13, 'Logistics and Purchasing', 'logistics-and-purchasing', 1),
(14, 'Quality', 'quality', 1);

-- --------------------------------------------------------

--
-- Table structure for table `organisation_units_unit_locations`
--

CREATE TABLE `organisation_units_unit_locations` (
  `id` int(10) UNSIGNED NOT NULL,
  `organisation_units_id` int(10) UNSIGNED NOT NULL,
  `unit_locations_id` int(10) UNSIGNED NOT NULL,
  `created_at` timestamp NOT NULL DEFAULT '0000-00-00 00:00:00',
  `updated_at` timestamp NOT NULL DEFAULT '0000-00-00 00:00:00'
) ENGINE=InnoDB DEFAULT CHARSET=utf8 COLLATE=utf8_unicode_ci;

--
-- Dumping data for table `organisation_units_unit_locations`
--

INSERT INTO `organisation_units_unit_locations` (`id`, `organisation_units_id`, `unit_locations_id`, `created_at`, `updated_at`) VALUES
(1, 1, 1, '2016-06-21 08:40:02', '2016-06-21 08:40:02'),
(2, 2, 1, '2016-06-21 08:40:02', '2016-06-21 08:40:02'),
(3, 3, 1, '2016-06-21 08:40:02', '2016-06-21 08:40:02'),
(4, 4, 1, '2016-06-21 08:40:02', '2016-06-21 08:40:02'),
(5, 5, 1, '2016-06-21 08:40:02', '2016-06-21 08:40:02'),
(6, 6, 3, '2016-06-21 08:40:02', '2016-06-21 08:40:02'),
(7, 7, 1, '2016-06-21 08:40:02', '2016-06-21 08:40:02'),
(8, 8, 3, '2016-06-21 08:40:02', '2016-06-21 08:40:02'),
(9, 9, 1, '2016-06-21 08:40:02', '2016-06-21 08:40:02'),
(10, 10, 1, '2016-06-21 08:40:02', '2016-06-21 08:40:02'),
(11, 11, 1, '2016-06-21 08:40:02', '2016-06-21 08:40:02'),
(12, 12, 1, '2016-06-21 08:40:02', '2016-06-21 08:40:02'),
(13, 13, 1, '2016-06-21 08:40:02', '2016-06-21 08:40:02'),
(14, 14, 3, '2016-06-21 08:40:02', '2016-06-21 08:40:02');

-- --------------------------------------------------------

--
-- Table structure for table `password_resets`
--

CREATE TABLE `password_resets` (
  `email` varchar(255) COLLATE utf8_unicode_ci NOT NULL,
  `token` varchar(255) COLLATE utf8_unicode_ci NOT NULL,
  `created_at` timestamp NOT NULL DEFAULT '0000-00-00 00:00:00'
) ENGINE=InnoDB DEFAULT CHARSET=utf8 COLLATE=utf8_unicode_ci;

--
-- Dumping data for table `password_resets`
--

INSERT INTO `password_resets` (`email`, `token`, `created_at`) VALUES
('james.firminger@trueshopping.co.uk', '9f31718b8b114e6c5193faabdd0ec1048eec9ea29a83d2f725a1c3e8304ed1e8', '2016-07-03 08:39:03');

-- --------------------------------------------------------

--
-- Table structure for table `sessions`
--

CREATE TABLE `sessions` (
  `id` varchar(255) COLLATE utf8_unicode_ci NOT NULL,
  `payload` text COLLATE utf8_unicode_ci NOT NULL,
  `last_activity` int(11) NOT NULL
) ENGINE=InnoDB DEFAULT CHARSET=utf8 COLLATE=utf8_unicode_ci;

-- --------------------------------------------------------

--
-- Table structure for table `unit_locations`
--

CREATE TABLE `unit_locations` (
  `id` int(10) UNSIGNED NOT NULL,
  `building_name` varchar(255) COLLATE utf8_unicode_ci NOT NULL,
  `building_address` varchar(500) COLLATE utf8_unicode_ci NOT NULL,
  `business_id` int(11) NOT NULL DEFAULT '1',
  `created_at` timestamp NOT NULL DEFAULT '0000-00-00 00:00:00',
  `updated_at` timestamp NOT NULL DEFAULT '0000-00-00 00:00:00',
  `unit_location_slug` varchar(255) COLLATE utf8_unicode_ci NOT NULL
) ENGINE=InnoDB DEFAULT CHARSET=utf8 COLLATE=utf8_unicode_ci;

--
-- Dumping data for table `unit_locations`
--

INSERT INTO `unit_locations` (`id`, `building_name`, `building_address`, `business_id`, `created_at`, `updated_at`, `unit_location_slug`) VALUES
(1, 'T1', 'Top of the Court', 1, '2015-11-25 03:26:16', '2015-11-25 03:26:16', 'top-of-the-court'),
(2, 'T2', 'Mezzanine', 1, '2015-11-25 03:26:16', '2015-11-25 03:26:16', 'mezzanine'),
(3, 'T3', 'Bottom of the Court', 1, '2015-11-25 03:26:16', '2015-11-25 03:26:16', 'bottom-of-the-court');

-- --------------------------------------------------------

--
-- Table structure for table `users`
--

CREATE TABLE `users` (
  `id` int(10) UNSIGNED NOT NULL,
  `username` varchar(128) COLLATE utf8_unicode_ci NOT NULL,
  `first_name` varchar(255) COLLATE utf8_unicode_ci NOT NULL,
  `surname` varchar(255) COLLATE utf8_unicode_ci NOT NULL,
  `password` varchar(60) COLLATE utf8_unicode_ci NOT NULL,
  `email` varchar(128) COLLATE utf8_unicode_ci NOT NULL,
  `created_at` timestamp NOT NULL DEFAULT '0000-00-00 00:00:00',
  `updated_at` timestamp NOT NULL DEFAULT '0000-00-00 00:00:00',
  `remember_token` varchar(60) COLLATE utf8_unicode_ci NOT NULL,
  `is_admin` tinyint(3) UNSIGNED NOT NULL DEFAULT '0',
  `superior_id` int(11) NOT NULL,
  `profile_pic` varchar(500) COLLATE utf8_unicode_ci NOT NULL,
  `job_title` varchar(255) COLLATE utf8_unicode_ci NOT NULL,
  `nickname` varchar(255) COLLATE utf8_unicode_ci NOT NULL,
  `organisation_unit_id` int(10) UNSIGNED NOT NULL,
  `description` text COLLATE utf8_unicode_ci,
  `bonus_days` decimal(5,2) NOT NULL
) ENGINE=InnoDB DEFAULT CHARSET=utf8 COLLATE=utf8_unicode_ci;

--
-- Dumping data for table `users`
--

INSERT INTO `users` (`id`, `username`, `first_name`, `surname`, `password`, `email`, `created_at`, `updated_at`, `remember_token`, `is_admin`, `superior_id`, `profile_pic`, `job_title`, `nickname`, `organisation_unit_id`, `description`, `bonus_days`) VALUES
(1, 'aaron@limitlessdigital.com', 'Aaron', 'Ashworth', '$2y$10$zs/8vY78ob5KkSfK6MAIRufkvn3FUJcXtiLP8wTWLYz8CxOqXVsi2', 'aaron@limitlessdigital.com', '2016-07-07 14:15:56', '2016-07-07 14:15:56', '', 0, 50, '', '', '', 1, NULL, '0.00'),
(2, 'abbie.broadbent@limitlessdigital.com', 'Abbie', 'Broadbent', '$2y$10$eucmsOM8Blr8uYKJYpAmLu5vFxtQNgcC7PrVqh4gbntTvhnGQJB7G', 'abbie.broadbent@limitlessdigital.com', '2016-07-07 14:15:56', '2016-07-07 14:15:56', '', 0, 131, '', '', '', 9, NULL, '0.00'),
(3, 'adam.mitchard@limitlessdigital.com', 'Adam', 'Mitchard', '$2y$10$gDUB9BEEPYlZq7BqF/haC.ZOTbHYvt69yF4HAif8ftxbS6QaLEOZC', 'adam.mitchard@limitlessdigital.com', '2016-07-07 14:15:56', '2016-07-07 14:15:56', '', 0, 39, '', '', '', 1, NULL, '0.00'),
(4, 'agnieszka.kulaj@limitlessdigital.com', 'Agnieszka', 'Kulaj', '$2y$10$Lve2V/.s7YwFSbT4UngEreUu7Z9zEGo.F8ERoVsiwokUuvYhc0diO', 'agnieszka.kulaj@limitlessdigital.com', '2016-07-07 14:15:56', '2016-07-07 14:15:56', '', 0, 23, '', '', '', 12, NULL, '0.00'),
(5, 'alanh@limitlessdigital.com', 'Alan', 'Hall', '$2y$10$cQT.ugYE0BHjTXUkMV5W7.S5AFVykZMp2EpueDP1hW1sRgOx6lmZC', 'alanh@limitlessdigital.com', '2016-07-07 14:15:56', '2016-07-07 14:15:56', '', 0, 50, '', '', '', 1, NULL, '0.00'),
(6, 'aleksandra.bartyzel@limitlessdigital.com', 'Aleksandra', 'Bartyzel', '$2y$10$mILB/xNMq79XmVfzvLLm4ONrW1EHrvgW18UoT/FLP0ZrGbZKNRXsi', 'aleksandra.bartyzel@limitlessdigital.com', '2016-07-07 14:15:56', '2016-07-07 14:15:56', '', 0, 131, '', '', '', 9, NULL, '0.00'),
(7, 'alex.harrison@limitlessdigital.com', 'Alex', 'Harrison', '$2y$10$HRDHSFSTIwBromqwQseh5uQzF0a5vgrpNmRbj4RKHN0VWelluzlWu', 'alex.harrison@limitlessdigital.com', '2016-07-07 14:15:56', '2016-07-07 14:15:56', '', 0, 150, '', '', '', 13, NULL, '0.00'),
(8, 'ali.whitehead@limitlessdigital.com', 'Ali', 'Whitehead', '$2y$10$uBpqaZzn5KtpzZCNRwZ/nOZA3x7iIcNARfr..g8rSe1gTIznUf3xm', 'ali.whitehead@limitlessdigital.com', '2016-07-07 14:15:56', '2016-07-07 14:15:56', '', 0, 152, '', '', '', 2, NULL, '0.00'),
(9, 'alison.holden@limitlessdigital.com', 'Alison', 'Holden', '$2y$10$xeL81K4MFNTNgEuXTXzFLuP7NwTBuzcrQLTdKghpp7WYNWZN1yBSu', 'alison.holden@limitlessdigital.com', '2016-07-07 14:15:56', '2016-07-07 14:15:56', '', 0, 121, '', '', '', 10, NULL, '0.00'),
(10, 'allister.stringer@limitlessdigital.com', 'Allister', 'Stringer', '$2y$10$LrhG65YsAbAg8Jr8pgWYFuFiCsTHpYDwD0r/97KqlXmPpmTUEFrBa', 'allister.stringer@limitlessdigital.com', '2016-07-07 14:15:56', '2016-07-07 14:15:56', '', 0, 23, '', '', '', 12, NULL, '0.00'),
(11, 'allyson.shanks@limitlessdigital.com', 'Allyson', 'Shanks', '$2y$10$wRrEgTqEXDC0tCkhl3A3/.KqmOGFhFl2KIiSRVsSfsVeDH.kE3K8G', 'allyson.shanks@limitlessdigital.com', '2016-07-07 14:15:56', '2016-07-07 14:15:56', '', 0, 22, '', '', '', 8, NULL, '0.00'),
(12, 'andrea@limitlessdigital.com', 'Andrea', 'Horsham', '$2y$10$gWhiVGh7o/qVFQXLLzefDux/I7dPWs6nYAuLyroGsYmuql4WL.mkG', 'andrea@limitlessdigital.com', '2016-07-07 14:15:56', '2016-07-07 14:15:56', '', 0, 131, '', '', '', 9, NULL, '0.00'),
(13, 'andrew.collinge@limitlessdigital.com', 'Andrew', 'Collinge', '$2y$10$SXxIXrO9m0JGUK27y5qAk.bFH2JLSlKtaLBO65IVDsC0D9HcH457m', 'andrew.collinge@limitlessdigital.com', '2016-07-07 14:15:57', '2016-07-07 14:15:57', '', 0, 156, '', '', '', 7, NULL, '0.00'),
(14, 'andrew.craddock@limitlessdigital.com', 'Andrew', 'Craddock', '$2y$10$hxdcu7be5WYtyTE6N1t6RegmVvu3uwGLNj4CF50Q7KUaIR7duvvSy', 'andrew.craddock@limitlessdigital.com', '2016-07-07 14:15:57', '2016-07-07 14:15:57', '', 0, 23, '', '', '', 12, NULL, '0.00'),
(15, 'andrew.duffy@limitlessdigital.com', 'Andrew', 'Duffy', '$2y$10$hfrIvLfPSNrggojvjDjZB.qmffMZUUNwCh/pncjKK6tTpHoKmOLxm', 'andrew.duffy@limitlessdigital.com', '2016-07-07 14:15:57', '2016-07-07 14:15:57', '', 0, 36, '', '', '', 8, NULL, '0.00'),
(16, 'andrew.lockett@limitlessdigital.com', 'Andrew', 'Lockett', '$2y$10$D9hbLsOVISk5duOu6jkQW.hVuM7K.VweS9hFJyIbdVrigt3sCGwiS', 'andrew.lockett@limitlessdigital.com', '2016-07-07 14:15:57', '2016-07-07 14:15:57', '', 0, 59, '', '', '', 4, NULL, '0.00'),
(17, 'andrew.ramsbottom@limitlessdigital.com', 'Andrew', 'Ramsbottom', '$2y$10$MTYLBzVS1n1.YjkGl1UPHOHvaZ/3uDNxsyi0F7HR53733TKoFcAIG', 'andrew.ramsbottom@limitlessdigital.com', '2016-07-07 14:15:57', '2016-07-07 14:15:57', '', 0, 39, '', '', '', 1, NULL, '0.00'),
(18, 'andrew.thomas@limitlessdigital.com', 'Andrew', 'Thomas', '$2y$10$0pcZoRUYdc.sF0ZwxkJS4OSNjkLs.ZUZwdtC64RGxXfHO/RA4OA7q', 'andrew.thomas@limitlessdigital.com', '2016-07-07 14:15:57', '2016-07-07 14:15:57', '', 0, 140, '', '', '', 5, NULL, '0.00'),
(19, 'andy.carr@limitlessdigital.com', 'Andy', 'Carr', '$2y$10$mDbTJacS3izS.dcRmo.TLebQwUHOIa0oaMxVs1iXtJ.UZXsiTw6Fi', 'andy.carr@limitlessdigital.com', '2016-07-07 14:15:57', '2016-07-07 14:15:57', '', 0, 150, '', '', '', 12, NULL, '0.00'),
(20, 'andy.christie@limitlessdigital.com', 'Andy', 'Christie', '$2y$10$kl9wXk4K.qU0u7xAf4BuJuJtI2ibbc2bqwOJx1YU4fQ7QpE.D6iKm', 'andy.christie@limitlessdigital.com', '2016-07-07 14:15:57', '2016-07-07 14:15:57', '', 0, 23, '', '', '', 12, NULL, '0.00'),
(21, 'andy.hunt@limitlessdigital.com', 'Andy', 'Hunt', '$2y$10$3zwn5zh1vVCGbd675kKz4.OYGyFRCyePfoVDHL7IhC20x1Iqbps9u', 'andy.hunt@limitlessdigital.com', '2016-07-07 14:15:57', '2016-07-07 14:15:57', '', 0, 7, '', '', '', 13, NULL, '0.00'),
(22, 'enette.wraight@limitlessdigital.com', 'Enette', 'Wraight', '$2y$10$x0DUy0Mo2Rh90sWplEtP6.f3OBb6lUs4IuxGmE2fapI0go8OXTOt2', 'enette.wraight@limitlessdigital.com', '2016-07-07 14:15:57', '2016-07-07 14:15:57', '', 0, 36, '', '', '', 8, NULL, '0.00'),
(23, 'antony.swainston@limitlessdigital.com', 'Antony', 'Swainston', '$2y$10$QnmhFfxpULe8Q7jwGALBDOn0A4T5a/J4xLyrP885z.VwQJ6MSa.f6', 'antony.swainston@limitlessdigital.com', '2016-07-07 14:15:57', '2016-07-07 14:15:57', '', 0, 19, '', '', '', 12, NULL, '0.00'),
(24, 'bev.mitchell@limitlessdigital.com', 'Bev', 'Mitchell', '$2y$10$lCMBzm282ApSS74gKBimtuvRk5eBo/cJNfS73m7B6yHZ6f3OvA4C2', 'bev.mitchell@limitlessdigital.com', '2016-07-07 14:15:57', '2016-07-07 14:15:57', '', 0, 1, '', '', '', 1, NULL, '0.00'),
(25, 'bilal.kouki@limitlessdigital.com', 'Bilal', 'Kouki ', '$2y$10$5en3EqdchK15v7VIs5/CbOgiLeYvJhkZn5dQgx9vnAvn/p2VPPArS', 'bilal.kouki@limitlessdigital.com', '2016-07-07 14:15:57', '2016-07-07 14:15:57', '', 0, 101, '', '', '', 5, NULL, '0.00'),
(26, 'callum.krzysik@limitlessdigital.com', 'Callum', 'Krzysik', '$2y$10$qX8bDwNTB.tjTBs4IsEbdOojWTOigBgxXiDvPz9238v13qI7NWy7K', 'callum.krzysik@limitlessdigital.com', '2016-07-07 14:15:57', '2016-07-07 14:15:57', '', 0, 38, '', '', '', 6, NULL, '0.00'),
(27, 'carmen.fernandez-romero@limitlessdigital.com', 'Carmen', 'Fernandez - Romero', '$2y$10$S.TVFEqMjmbFBjKGwE4IDO3TubbKJIv8t2NQtqGeArtPSJ2lTuWJe', 'carmen.fernandez-romero@limitlessdigital.com', '2016-07-07 14:15:57', '2016-07-07 14:15:57', '', 0, 15, '', '', '', 8, NULL, '0.00'),
(28, 'carole.mcginty@limitlessdigital.com', 'Carole', 'McGinty', '$2y$10$IsvnjS4Iih1ggcJ394fAmemaGoGh6MknD6w5gutitZw13Fwt0yMLO', 'carole.mcginty@limitlessdigital.com', '2016-07-07 14:15:57', '2016-07-07 14:15:57', '', 0, 22, '', '', '', 8, NULL, '0.00'),
(29, 'charles.bannister@limitlessdigital.com', 'Charles', 'Bannister', '$2y$10$WzjjPX5zd8RUedtLj3xTL.7nT8wN.AUg3IUwNgF.Zb5Y69WMLZp4q', 'charles.bannister@limitlessdigital.com', '2016-07-07 14:15:57', '2016-07-07 14:15:57', '', 0, 156, '', '', '', 7, NULL, '0.00'),
(30, 'chloe.pye@limitlessdigital.com', 'Chloe', 'Pye', '$2y$10$GcfixBKflJBaOyjLBpdmUOWvVCCNuLfan390Kp5rrcSeb9MQa1RmW', 'chloe.pye@limitlessdigital.com', '2016-07-07 14:15:58', '2016-07-07 14:15:58', '', 0, 38, '', '', '', 6, NULL, '0.00'),
(31, 'chris.hiam@limitlessdigital.com', 'Chris', 'Hiam', '$2y$10$00flMQyRyzFvSogE6TyeeuBx.Y4oEN6jDpdf37lc4q2EheM2zAZPu', 'chris.hiam@limitlessdigital.com', '2016-07-07 14:15:58', '2016-07-07 14:15:58', '', 0, 140, '', '', '', 5, NULL, '0.00'),
(32, 'chris.lawton@limitlessdigital.com', 'Chris', 'Lawton', '$2y$10$YmTLk7gm0fBMZLSR.ycUBukujocL81y3bsiMiAuyuGO726I4SqvQq', 'chris.lawton@limitlessdigital.com', '2016-07-07 14:15:58', '2016-07-07 14:15:58', '', 0, 156, '', '', '', 2, NULL, '0.00'),
(33, 'chris.taylor@limitlessdigital.com', 'Chris', 'Taylor', '$2y$10$SoFE6KMACNX2xKl6.TEgK.rg2zjii1L7kEhKI3F5tuL.q31H9oNo6', 'chris.taylor@limitlessdigital.com', '2016-07-07 14:15:58', '2016-07-07 14:15:58', '', 0, 23, '', '', '', 12, NULL, '0.00'),
(34, 'christine.frey@limitlessdigital.com', 'Chritine', 'Frey', '$2y$10$TVyY5Btc.XTx/42M6wuXSe.JMrG.878kKhlwveFmp9RTHGzpfxLKm', 'christine.frey@limitlessdigital.com', '2016-07-07 14:15:58', '2016-07-07 14:15:58', '', 0, 8, '', '', '', 2, NULL, '0.00'),
(35, 'claire.ruth@limitlessdigital.com', 'Claire', 'Ruth', '$2y$10$MyI4gHjkRxRgyoK2fMz8QeCP8F8llaeJ9xAQBHeaSMjaicZPoZ24W', 'claire.ruth@limitlessdigital.com', '2016-07-07 14:15:58', '2016-07-07 14:15:58', '', 0, 62, '', '', '', 4, NULL, '0.00'),
(36, 'clare.poole@limitlessdigital.com', 'Clare', 'Poole', '$2y$10$xgbL4iTDFfw6uAGK09ywKOw0V4xr93cE55yq76/QipOgb6iF6Wn9e', 'clare.poole@limitlessdigital.com', '2016-07-07 14:15:58', '2016-07-07 14:15:58', '', 0, 150, '', '', '', 8, NULL, '0.00'),
(37, 'colette.adams@limitlessdigital.com', 'Colette', 'Adams', '$2y$10$8W2yW/xM9fXBFIk1DF85F.Vs4.tC9ENEB85r0L.MqD1k1n3g7TrQS', 'colette.adams@limitlessdigital.com', '2016-07-07 14:15:58', '2016-07-07 14:15:58', '', 0, 62, '', '', '', 4, NULL, '0.00'),
(38, 'craig.fletcher@limitlessdigital.com', 'Craig', 'Fletcher', '$2y$10$fBd/L4BpHTtvgfijpOQyM.MbNAF.HpY2/RwXpJapZflFpZY8H5yo.', 'craig.fletcher@limitlessdigital.com', '2016-07-07 14:15:58', '2016-07-07 14:15:58', '', 0, 8, '', '', '', 6, NULL, '1.00'),
(39, 'craig.stewartwight@limitlessdigital.com', 'Craig', 'Wight', '$2y$10$ZhJ2cAIxdFSsVh1n/Ek5WO4Zfe2nNwfLLFX.jTSsLWo6u9ozoSm7O', 'craig.stewartwight@limitlessdigital.com', '2016-07-07 14:15:58', '2016-07-07 14:15:58', '', 0, 50, '', '', '', 1, NULL, '0.00'),
(40, 'dan.morgan@limitlessdigital.com', 'Daniel', 'Morgan', '$2y$10$5BP7BwFffUWHrY3KN6GGs.PEmqSfle8CKlhcQ1FIvrirxkl5psU2W', 'dan.morgan@limitlessdigital.com', '2016-07-07 14:15:58', '2016-07-07 14:15:58', '', 0, 38, '', '', '', 6, NULL, '0.00'),
(41, 'daniel.wondolowski@limitlessdigital.com', 'Daniel', 'Wondolowski', '$2y$10$l9pU1yNEZdbsK0KaPFzAJutvf4EV2BphS67Ug7z9yPTegXAqnPcVa', 'daniel.wondolowski@limitlessdigital.com', '2016-07-07 14:15:58', '2016-07-07 14:15:58', '', 0, 59, '', '', '', 4, NULL, '0.00'),
(42, 'darren.carruthers@limitlessdigital.com', 'Darren', 'Carruthers', '$2y$10$sVmdkFwFjBKQY6IHcVB6huyCSL/MDo82gc0137gPP6F36k621udCe', 'darren.carruthers@limitlessdigital.com', '2016-07-07 14:15:58', '2016-07-07 14:15:58', '', 0, 104, '', '', '', 4, NULL, '0.00'),
(43, 'darren.clegg@limitlessdigital.com', 'Darren', 'Clegg', '$2y$10$0omgpTTQYeO6hZK3ET1Iau3Cp9diA5ukE52BrFk2dEqRcYsNGJ4jm', 'darren.clegg@limitlessdigital.com', '2016-07-07 14:15:58', '2016-07-07 14:15:58', '', 0, 156, '', '', '', 7, NULL, '0.00'),
(44, 'daryl.bielby@limitlessdigital.com', 'Daryl', 'Bielby', '$2y$10$3y7gnv7aqNJoZzyyeBZcreip8xCgJxMjxuQq09uPvMIMxbAdxv4wC', 'daryl.bielby@limitlessdigital.com', '2016-07-07 14:15:58', '2016-07-07 14:15:58', '', 0, 19, '', '', '', 12, NULL, '0.00'),
(45, 'david.tabron@limitlessdigital.com', 'David', 'Tabron', '$2y$10$/RyP4ZFnjbjVgNF3hQ4C4eVi69QEHfAYwwrRPJJtMRrZN1SFddL9.', 'david.tabron@limitlessdigital.com', '2016-07-07 14:15:58', '2016-07-07 14:15:58', '', 0, 1, '', '', '', 1, NULL, '0.00'),
(46, 'dean.sharpley@limitlessdigital.com', 'Dean', 'Sharpley', '$2y$10$U7uv/DnYmVX/rnz0R6QE.OFFfXtAN7SebVsug4vnJWzpX5VTJBRN2', 'dean.sharpley@limitlessdigital.com', '2016-07-07 14:15:59', '2016-07-07 14:15:59', '', 0, 19, '', '', '', 12, NULL, '0.00'),
(47, 'elizabeth.frost@limitlessdigital.com', 'Elizabeth', 'Frost', '$2y$10$SseiRJvprtSG8Pvov1w3/.dLrxsdAKciw0EkGuzu3WypASa9AmBIy', 'elizabeth.frost@limitlessdigital.com', '2016-07-07 14:15:59', '2016-07-07 14:15:59', '', 0, 38, '', '', '', 6, NULL, '0.00'),
(48, 'elodie.perrier@limitlessdigital.com', 'Elodie', 'Perrier', '$2y$10$fUc1evyjn4Kf0CtXPsOjmOvLs49pz0htVs3fnTf8thLnoRZhaneSa', 'elodie.perrier@limitlessdigital.com', '2016-07-07 14:15:59', '2016-07-07 14:15:59', '', 0, 8, '', '', '', 2, NULL, '0.00'),
(49, 'emma.meikleham@limitlessdigital.com', 'Emma', 'Meikleham', '$2y$10$/2/O/2tXBcuN/rGtq8T8Oew.hA2.N9uG47Lad.BlxVAH8YDKaVgE6', 'emma.meikleham@limitlessdigital.com', '2016-07-07 14:15:59', '2016-07-07 14:15:59', '', 0, 22, '', '', '', 8, NULL, '0.00'),
(50, 'erik.knudsen@limitlessdigital.com', 'Erik', 'Knudsen', '$2y$10$YMrUj5qB/C8y6c1XaDV.FO4gCPBOD/aickDYEh9f5PBKNOsZIQ02u', 'erik.knudsen@limitlessdigital.com', '2016-07-07 14:15:59', '2016-07-07 14:15:59', '', 0, 152, '', '', '', 1, NULL, '0.00'),
(51, 'estelle.dimarcq@limitlessdigital.com', 'Estelle', 'Dimarq', '$2y$10$5lPJ691TRklZ2lRSRDNheuxSr8XFVgrUVF/QivJMOY/XSYz/Z3zl2', 'estelle.dimarcq@limitlessdigital.com', '2016-07-07 14:15:59', '2016-07-07 14:15:59', '', 0, 62, '', '', '', 4, NULL, '0.00'),
(52, 'femke.futter@limitlessdigital.com', 'Femke', 'Futter', '$2y$10$T7de5UG1bL9mFvBaSFGhj.MI1A2vhQWzeXy2FWYXUB0fT8RtyPA2G', 'femke.futter@limitlessdigital.com', '2016-07-07 14:15:59', '2016-07-07 14:15:59', '', 0, 15, '', '', '', 8, NULL, '0.00'),
(53, 'florian.maier@limitlessdigital.com', 'Florian', 'Maier', '$2y$10$.KcR5uVQ/ZIZLMaRq6StCuVJJ7Bc7pBkYEFnpef.n0WjhKmgJIAVG', 'florian.maier@limitlessdigital.com', '2016-07-07 14:15:59', '2016-07-07 14:15:59', '', 0, 101, '', '', '', 5, NULL, '0.00'),
(54, 'francesca.riley@limitlessdigital.com', 'Francesca', 'Riley', '$2y$10$TdhRu4PdE52hYvOWYDLCTOPmMUMc/ueTj.08uEhZPgq9sEs2BtiGu', 'francesca.riley@limitlessdigital.com', '2016-07-07 14:15:59', '2016-07-07 14:15:59', '', 0, 38, '', '', '', 6, NULL, '-1.00'),
(55, 'gary.tattersall@limitlessdigital.com', 'Gary', 'Tattersall', '$2y$10$4K0QOOnWlFuoO8CFwo9yG.Z6Uem1q7IW4FBM0fDUOSczq2lM12L6i', 'gary.tattersall@limitlessdigital.com', '2016-07-07 14:15:59', '2016-07-07 14:15:59', '', 0, 150, '', '', '', 13, NULL, '0.00'),
(56, 'gemma.lee@limitlessdigital.com', 'Gemma', 'Lee', '$2y$10$ITSTSqN3DqnCxCdLwXxXk.RSYh/yyAXSQUGm4Tv973WjRjRWCYyKW', 'gemma.lee@limitlessdigital.com', '2016-07-07 14:15:59', '2016-07-07 14:15:59', '', 0, 22, '', '', '', 8, NULL, '0.00'),
(57, 'george.brown@limitlessdigital.com', 'George', 'Brown', '$2y$10$A.3IiC2TNR9SWdAim/m2ROC.0vLB0qY0ypCUhm6YPbJrF/CjB6cVK', 'george.brown@limitlessdigital.com', '2016-07-07 14:15:59', '2016-07-07 14:15:59', '', 0, 156, '', '', '', 7, NULL, '0.00'),
(58, 'heidi.martin@limitlessdigital.com', 'Heidi', 'Martin', '$2y$10$.FUt5eIYjbYpk0PjWv7.V.OhlBJC6UsBMrUDAF9EBs52b1P3wagyG', 'heidi.martin@limitlessdigital.com', '2016-07-07 14:15:59', '2016-07-07 14:15:59', '', 0, 101, '', '', '', 5, NULL, '0.00'),
(59, 'ian.johnson@limitlessdigital.com', 'Ian', 'Johnson', '$2y$10$IM9C8uQA8uGz5lqHqpRaz.k7s1vnP5V6AWlrvADiY2bj3G4KU6MP.', 'ian.johnson@limitlessdigital.com', '2016-07-07 14:15:59', '2016-07-07 14:15:59', '', 0, 151, '', '', '', 4, NULL, '0.00'),
(60, 'ian.obrien@limitlessdigital.com', 'Ian', 'O\'Brien', '$2y$10$h5.sqt3h5yac13elUCx9VO43tHOXwzpNJHgmtKMawsC.3btnqeKge', 'ian.obrien@limitlessdigital.com', '2016-07-07 14:15:59', '2016-07-07 14:15:59', '', 0, 62, '', '', '', 4, NULL, '0.00'),
(61, 'inga.burg@limitlessdigital.com', 'Inga', 'Burg', '$2y$10$dNY3lIacnaxwjUfqy/YQ3u8eg4Lnvj8Od.pvfEBQMT7MvTFSNE/Wi', 'inga.burg@limitlessdigital.com', '2016-07-07 14:15:59', '2016-07-07 14:15:59', '', 0, 101, '', '', '', 5, NULL, '0.00'),
(62, 'jack.hutchinson@limitlessdigital.com', 'Jack', 'Hutchinson', '$2y$10$wShGCbEmTSdf4.juxaQfceEB877eC2Px6oAU1iX.M.2A.AzJtoo4u', 'jack.hutchinson@limitlessdigital.com', '2016-07-07 14:16:00', '2016-07-07 14:16:00', '', 0, 151, '', '', '', 4, NULL, '0.00'),
(63, 'jade.burnie@limitlessdigital.com', 'Jade', 'Burnie', '$2y$10$TAd2zPIQFDsEZ6LPfKiAmOLMPnmt/y2bxqDiuHT/nPU/tfoiCQ71O', 'jade.burnie@limitlessdigital.com', '2016-07-07 14:16:00', '2016-07-07 14:16:00', '', 0, 7, '', '', '', 13, NULL, '0.00'),
(64, 'jake.holt@limitlessdigital.com', 'Jake', 'Holt', '$2y$10$awgA1eD1fxDCrm5l8xp61e00cDBzp8ro455Yz1czY25A8wz1e/0Ga', 'jake.holt@limitlessdigital.com', '2016-07-07 14:16:00', '2016-07-07 14:16:00', '', 0, 36, '', '', '', 8, NULL, '0.00'),
(65, 'jake@limitlessdigital.com', 'Jake', 'Watson', '$2y$10$jdFJBea1gjipbJyfQ8kbGOPlEt5Vdt2fHN1S3Sg.npuZdQ5KzC/Pu', 'jake@limitlessdigital.com', '2016-07-07 14:16:00', '2016-07-07 14:16:00', '', 0, 5, '', '', '', 1, NULL, '0.00'),
(66, 'james.burton@limitlessdigital.com', 'James', 'Burton', '$2y$10$6QpbqECeDSOf0qGnYCPa6uP3/uqi8R/YcVLzdyqO59pUvNfbwVzEa', 'james.burton@limitlessdigital.com', '2016-07-07 14:16:00', '2016-07-07 14:16:00', '', 0, 132, '', '', '', 2, NULL, '0.00'),
(67, 'james.firminger@limitlessdigital.com', 'James', 'Firminger', '$2y$10$GQxPMc1tKyCqorWZXx2VJOL/g70/E2lzktDVZHoejH1hSg6JRXltG', 'james.firminger@limitlessdigital.com', '2016-07-07 14:16:00', '2016-07-07 14:17:36', '', 0, 5, '', 'Senior Developer', 'Firmy', 1, '', '0.00'),
(68, 'james.oates@limitlessdigital.com', 'James', 'Oates', '$2y$10$wy9HfUckameN0F7IQ1vYseCbCWymyZ7Xenl4swa/Fx0jd.sL42GJa', 'james.oates@limitlessdigital.com', '2016-07-07 14:16:00', '2016-07-07 14:16:00', '', 0, 1, '', '', '', 1, NULL, '0.00'),
(69, 'james.stansfield@limitlessdigital.com', 'James', 'Stansfield', '$2y$10$nWvqp33JZc9WcpocenUi7ej6TN6zMRxp.c/gR8ARSC79j5m.9AFbu', 'james.stansfield@limitlessdigital.com', '2016-07-07 14:16:00', '2016-07-07 14:16:00', '', 0, 19, '', '', '', 12, NULL, '0.00'),
(70, 'james.todd@limitlessdigital.com', 'James', 'Todd', '$2y$10$.aixoV7ybi1JLihlC8/5xuNUYYDuBirwsuip56o1VDFhnwvxUoEOq', 'james.todd@limitlessdigital.com', '2016-07-07 14:16:00', '2016-07-07 14:16:00', '', 0, 38, '', '', '', 6, NULL, '0.00'),
(71, 'jamie.chorley@limitlessdigital.com', 'Jamie', 'Chorley', '$2y$10$ytxIo6r8Wn0Ys9a4mh/gseoPU1Ln11YK8FRFiZiBbqB3ZBvuFBP5K', 'jamie.chorley@limitlessdigital.com', '2016-07-07 14:16:00', '2016-07-07 14:16:00', '', 0, 101, '', '', '', 5, NULL, '0.00'),
(72, 'jason.lockyer@limitlessdigital.com', 'Jason', 'Lockyer', '$2y$10$hxVocgD5wQ2IPUWtzLO5xOjr.46akl40RMgRL0mmKMV6JCbXSlvFu', 'jason.lockyer@limitlessdigital.com', '2016-07-07 14:16:00', '2016-07-07 14:16:00', '', 0, 23, '', '', '', 12, NULL, '0.00'),
(73, 'jayne.sandersonbrown@summ.it', 'Jayne', 'Sanderson Brown', '$2y$10$G.orhnbgQ2WupDkjqvwKJuOYJiNgvdFQ83wUtrZqhpmgewX64j0Oa', 'jayne.sandersonbrown@summ.it', '2016-07-07 14:16:00', '2016-07-07 14:16:00', '', 0, 73, '', '', '', 11, NULL, '0.00'),
(74, 'jeff.whitfield@limitlessdigital.com', 'Jeff', 'Whitfield', '$2y$10$DIvNYJLsN5CwXTrkEj1EJuFGv9fJsPXJOJdfiN7Keu8.Xy52S5v2i', 'jeff.whitfield@limitlessdigital.com', '2016-07-07 14:16:00', '2016-07-07 14:16:00', '', 0, 8, '', '', '', 2, NULL, '1.00'),
(75, 'john.lawless@limitlessdigital.com', 'John', 'Lawless', '$2y$10$Cny5Q0ggvxg51ZMgyq714uux6Wf6VfVF2SbY2g0dbdv9lseVdaNre', 'john.lawless@limitlessdigital.com', '2016-07-07 14:16:00', '2016-07-07 14:16:00', '', 0, 140, '', '', '', 5, NULL, '0.00'),
(76, 'jonathan.crossley@limitlessdigital.com', 'Jonathan', 'Crossley', '$2y$10$PbhjB1OBoIiMmbxmXc69Fe2kCrVMYgRjIA9r4FCjw.5fmCWSv5KPm', 'jonathan.crossley@limitlessdigital.com', '2016-07-07 14:16:00', '2016-07-07 14:16:00', '', 0, 22, '', '', '', 8, NULL, '0.00'),
(77, 'joseph.miles@limitlessdigital.com', 'Joesph', 'Miles', '$2y$10$xd0n.N8Lh1Rj.FLV0Dh1qec/LjAVgT1NgXVoQGQ0bNLs8XgGUGWL6', 'joseph.miles@limitlessdigital.com', '2016-07-07 14:16:00', '2016-07-07 14:16:00', '', 0, 38, '', '', '', 6, NULL, '0.00'),
(78, 'josh.farrar@limitlessdigital.com', 'Josh', 'Farrar', '$2y$10$wP3HBgKg36wI81SJ5y6HnOhOdgpA48y0nMGrg4x8xygb0xNL2XBMa', 'josh.farrar@limitlessdigital.com', '2016-07-07 14:16:00', '2016-07-07 14:16:00', '', 0, 23, '', '', '', 12, NULL, '0.00'),
(79, 'judith.stotan@limitlessdigital.com', 'Judith', 'Stotan', '$2y$10$956nkYzV69rPnHDOnzeqYe5Ekqb8XavdkmlmEVIH9dJw2dZjQQ7ua', 'judith.stotan@limitlessdigital.com', '2016-07-07 14:16:01', '2016-07-07 14:16:01', '', 0, 15, '', '', '', 8, NULL, '0.00'),
(80, 'julia.geyer@limitlessdigital.com', 'Julia', 'Geyer', '$2y$10$D/D1fEoc7ZdoDTOGkhEdJ.BFI40jZunbIHwQaFgLBbCIiUAXwhzEu', 'julia.geyer@limitlessdigital.com', '2016-07-07 14:16:01', '2016-07-07 14:16:01', '', 0, 101, '', '', '', 5, NULL, '0.00'),
(81, 'julia.neubauer@limitlessdigital.com', 'Julia', 'Neubauer', '$2y$10$YU.MtfsD05JK/EW4pCUl9.MCpQPsWeZbpRtvLl/EPzHXVaBjVPSli', 'julia.neubauer@limitlessdigital.com', '2016-07-07 14:16:01', '2016-07-07 14:16:01', '', 0, 132, '', '', '', 2, NULL, '-5.00'),
(82, 'karolina.zielony@limitlessdigital.com', 'Karolina', 'Zielony', '$2y$10$nLsSn9.hcwWl.lhKX1Jyze5DHz5UcUZpg7tSAAR0dj8djO2nAfTCW', 'karolina.zielony@limitlessdigital.com', '2016-07-07 14:16:01', '2016-07-07 14:16:01', '', 0, 132, '', '', '', 2, NULL, '0.00'),
(83, 'kathryn.isherwood@limitlessdigital.com', 'Kathryn', 'Isherwood', '$2y$10$B4.Ht7reC5OTY9oM0fZhlO2x2sTRD35V9gaWqwnJrqVnzRiiulRYS', 'kathryn.isherwood@limitlessdigital.com', '2016-07-07 14:16:01', '2016-07-07 14:16:01', '', 0, 64, '', '', '', 8, NULL, '0.00'),
(84, 'katrin.mueller@limitlessdigital.com', 'Katrin', 'Mueller', '$2y$10$ZJx31/t/UxgoBwlksL.T7OcGrclLd4ko.Vn.7l/bvVBdStJx3IWhS', 'katrin.mueller@limitlessdigital.com', '2016-07-07 14:16:01', '2016-07-07 14:16:01', '', 0, 101, '', '', '', 5, NULL, '0.00'),
(85, 'kevin.varley@limitlessdigital.com', 'Kevin', 'Varley', '$2y$10$QosGJp4prXUc1Lm9xLFFFOxJ.ggqb1IPHGG9mCb7b9mrMjeJL5qwW', 'kevin.varley@limitlessdigital.com', '2016-07-07 14:16:01', '2016-07-07 14:16:01', '', 0, 1, '', '', '', 1, NULL, '0.00'),
(86, 'kim.isherwood@limitlessdigital.com', 'Kim ', 'Isherwood', '$2y$10$krMuLocz3D8rTQjPuVGE8.hxsCJ0Vg71OTsUfhlVh1aVXgcaKPG4C', 'kim.isherwood@limitlessdigital.com', '2016-07-07 14:16:01', '2016-07-07 14:16:01', '', 0, 64, '', '', '', 8, NULL, '0.00'),
(87, 'kristin.kirjakowa@limitlessdigital.com', 'Kristin', 'Kirjakowa', '$2y$10$pQLw4HVOIZYYJsLqKFEpIe6.e.KAoZkuBPAWGYQoueVfJkEPOcHVu', 'kristin.kirjakowa@limitlessdigital.com', '2016-07-07 14:16:01', '2016-07-07 14:16:01', '', 0, 38, '', '', '', 8, NULL, '0.00'),
(88, 'kristina.calder@limitlessdigital.com', 'Kristina', 'Calder', '$2y$10$NJ9WbRoc1qSOh/QQFMD3euwvXltpxNuy7XuMXaf08TOpY/rQnkY9u', 'kristina.calder@limitlessdigital.com', '2016-07-07 14:16:01', '2016-07-07 14:16:01', '', 0, 101, '', '', '', 5, NULL, '0.00'),
(89, 'laura.lee@limitlessdigital.com', 'Laura', 'Lee', '$2y$10$ecb9HJ2csLV6Xq6sn2T7aOTuUSDvlaQwGYX3yDgu8K2Pi5YhiZUba', 'laura.lee@limitlessdigital.com', '2016-07-07 14:16:01', '2016-07-07 14:16:01', '', 0, 131, '', '', '', 9, NULL, '0.00'),
(90, 'lauren.snaith@limitlessdigital.com', 'Lauren', 'Snaith', '$2y$10$sN0Wv2xfz2lm3imwMP0jneljkEs8hdy2JlMXEAZTAWhyCrlOsGgBy', 'lauren.snaith@limitlessdigital.com', '2016-07-07 14:16:01', '2016-07-07 14:16:01', '', 0, 59, '', '', '', 4, NULL, '0.00'),
(91, 'lauren.wood@limitlessdigital.com', 'Lauren', 'Wood', '$2y$10$iJnSo6rbiEI0T9ANu7jWneR7TzvXbFVtEWlaqWazkgHj.p3hYo79u', 'lauren.wood@limitlessdigital.com', '2016-07-07 14:16:01', '2016-07-07 14:16:01', '', 0, 22, '', '', '', 8, NULL, '0.00'),
(92, 'liz.tabron@limitlessdigital.com', 'Liz', 'Tabron', '$2y$10$RxXu94IOoFTr2zmXPEw4AO83Ytbj6X4IkuQ76RiXGgiccv4lCz6Ju', 'liz.tabron@limitlessdigital.com', '2016-07-07 14:16:01', '2016-07-07 14:16:01', '', 0, 62, '', '', '', 4, NULL, '0.00'),
(93, 'loren.kelley@limitlessdigital.com', 'Loren', 'Kelley', '$2y$10$e72QXVAdPxnxqsXcOYrsveB16tBAwE7jhiNNH9x92M/Grnt54R5vG', 'loren.kelley@limitlessdigital.com', '2016-07-07 14:16:01', '2016-07-07 14:16:01', '', 0, 131, '', '', '', 9, NULL, '0.00'),
(94, 'lorenzo.piovesan@limitlessdigital.com', 'Lorenzo', 'Piovesan', '$2y$10$oE8j/8ViAomP.TArRccqx.nuAktHE0UkPk8oMIosDG4pbmdI9Z8Fu', 'lorenzo.piovesan@limitlessdigital.com', '2016-07-07 14:16:01', '2016-07-07 14:16:01', '', 0, 15, '', '', '', 8, NULL, '0.00'),
(95, 'louise.wareing@limitlessdigital.com', 'Louise', 'Wareing', '$2y$10$RvutF4ptn27zGKxs7JXE.eKp0SgQGWdxg66JgrYCDGMiK7hYQyp0u', 'louise.wareing@limitlessdigital.com', '2016-07-07 14:16:02', '2016-07-07 14:16:02', '', 0, 7, '', '', '', 13, NULL, '0.00'),
(96, 'lucas.jannes@limitlessdigital.com', 'Lucas', 'Jannes', '$2y$10$eE8RoAjkpu0yV7kJbt1QHuiee04KKY097wc/S6KsIvLhhHY7w5sHi', 'lucas.jannes@limitlessdigital.com', '2016-07-07 14:16:02', '2016-07-07 14:16:02', '', 0, 15, '', '', '', 8, NULL, '0.00'),
(97, 'lucy.cavill@summ.it', 'Lucy', 'Cavill', '$2y$10$1nuz9U9NpbuKRYVGMOtwou1pi4BOgduWuUXRPWvUVtDBYZX/wR.NC', 'lucy.cavill@summ.it', '2016-07-07 14:16:02', '2016-07-07 14:16:02', '', 0, 97, '', '', '', 11, NULL, '0.00'),
(98, 'luke.hirons@limitlessdigital.com', 'Luke', 'Hirons', '$2y$10$d6njF0m5p1xUPWWEYgjAvO1PySdhnHOrp10pbSKOa3eo3W0F6aGxu', 'luke.hirons@limitlessdigital.com', '2016-07-07 14:16:02', '2016-07-07 14:16:02', '', 0, 154, '', '', '', 10, NULL, '0.00'),
(99, 'luke.purcell@limitlessdigital.com', 'Luke', 'Purcell', '$2y$10$OG8yBq7Zjbvzyyo71vAZ5.CB4s7ujPs/mG4IObeFJr1lyofoyTpDa', 'luke.purcell@limitlessdigital.com', '2016-07-07 14:16:02', '2016-07-07 14:16:02', '', 0, 38, '', '', '', 6, NULL, '0.00'),
(100, 'manon.payton@hudsonreed.com', 'Manon', 'Payton', '$2y$10$CVPAcss0bqX1pA/7lp.NAuu908HCFr3k6wk7hFWBmxVnSSIwEr3QK', 'manon.payton@hudsonreed.com', '2016-07-07 14:16:02', '2016-07-07 14:16:02', '', 0, 62, '', '', '', 4, NULL, '0.00'),
(101, 'marek.kokocki@limitlessdigital.com', 'Marek ', 'Kokocki', '$2y$10$XrIrG5GumHCuT1frQ48gtuSAqo/hZbWibKr4dWIuZxsBaVUjr4bZS', 'marek.kokocki@limitlessdigital.com', '2016-07-07 14:16:02', '2016-07-07 14:16:02', '', 0, 152, '', '', '', 5, NULL, '0.00'),
(102, 'mark.duxbury@limitlessdigital.com', 'Mark', 'Duxbury', '$2y$10$Szys8boh.ZvI12DnITswQu3jEC7uSgoiDoxst28oeMEi7K.B6Mm/G', 'mark.duxbury@limitlessdigital.com', '2016-07-07 14:16:02', '2016-07-07 14:16:02', '', 0, 156, '', '', '', 7, NULL, '0.00'),
(103, 'mark.skelton@limitlessdigital.com', 'Mark', 'Skelton', '$2y$10$gmEgaZ415/V6IrhLgRxGgOZF/cOM4mxmeEq3AadogV9KM.Z/lqmIi', 'mark.skelton@limitlessdigital.com', '2016-07-07 14:16:02', '2016-07-07 14:16:02', '', 0, 1, '', '', '', 1, NULL, '0.00'),
(104, 'mark.wignall@limitlessdigital.com', 'Mark', 'Wignall', '$2y$10$EWqui0M3zoDB6.RB76TTPOo8/9Fiqk5tvG2XHDoD0P2YJXsCpUoLy', 'mark.wignall@limitlessdigital.com', '2016-07-07 14:16:02', '2016-07-07 14:16:02', '', 0, 150, '', '', '', 14, NULL, '0.00'),
(105, 'martin.horrigan@limitlessdigital.com', 'Martin', 'Horrigan', '$2y$10$cL5m9oc.yQV8qTsvm8bCPetOElSJFNkp1o3UyJo7rMSyO2QWSVGbu', 'martin.horrigan@limitlessdigital.com', '2016-07-07 14:16:02', '2016-07-07 14:16:02', '', 0, 150, '', '', '', 8, NULL, '0.00'),
(106, 'matthew.clark@limitlessdigital.com', 'Matthew', 'Clark', '$2y$10$MrV4Y1JFEbrGsmu1UMeMjOMO35nFHW2WKjcFMH9zIQiUPxTVO/L/S', 'matthew.clark@limitlessdigital.com', '2016-07-07 14:16:02', '2016-07-07 14:16:02', '', 0, 104, '', '', '', 14, NULL, '0.00'),
(107, 'melanie.lewis@limitlessdigital.com', 'Melanie', 'Lewis', '$2y$10$NjQCu/ZNJUy3QXyNOxaYjOl5QAuu4O8SeITX3rhxKRvGvgUZTyy6m', 'melanie.lewis@limitlessdigital.com', '2016-07-07 14:16:02', '2016-07-07 14:16:02', '', 0, 38, '', '', '', 6, NULL, '0.00'),
(108, 'michelle.jackson@limitlessdigital.com', 'Michelle', 'Jackson', '$2y$10$0Z3yckueNBhxT/5X.gAFnuFXXeVw50QaEPX9xhciW06zPIH8/.AKS', 'michelle.jackson@limitlessdigital.com', '2016-07-07 14:16:02', '2016-07-07 14:16:02', '', 0, 22, '', '', '', 8, NULL, '0.00'),
(109, 'mike.bowley@limitlessdigital.com', 'Mike', 'Bowley', '$2y$10$bEUcY6rWH6iBC5TVFQoWleyrvYaw.g0QROujvHKOEYvXrESxQA2KW', 'mike.bowley@limitlessdigital.com', '2016-07-07 14:16:02', '2016-07-07 14:16:02', '', 0, 23, '', '', '', 12, NULL, '0.00'),
(110, 'mike.jackson@limitlessdigital.com', 'Mike', 'Jackson', '$2y$10$XgtSWejSMFIlBXhXmtujFOkZlnIAPrfipbmUBI2PBOLFk/syNVeC2', 'mike.jackson@limitlessdigital.com', '2016-07-07 14:16:02', '2016-07-07 14:16:02', '', 0, 132, '', '', '', 2, NULL, '1.00'),
(111, 'mirnesa.kadric-mustajbasic@limitlessdigital.com', 'Mirnesa', 'Kadric - Mustajbasic', '$2y$10$8enSWsASH9JFJHWmNxSk/.a/pWmSGJX3fiOx0l3se261zI5fsMSYm', 'mirnesa.kadric-mustajbasic@limitlessdigital.com', '2016-07-07 14:16:02', '2016-07-07 14:16:02', '', 0, 15, '', '', '', 8, NULL, '0.00'),
(112, 'nadia.alibegum@limitlessdigital.com', 'Nadia', 'Ali Begum', '$2y$10$BUC74qbtcpGkGwhYbokyUuskFj4nnUuMwuWWr7oNJ4/5G8RXaa9IW', 'nadia.alibegum@limitlessdigital.com', '2016-07-07 14:16:03', '2016-07-07 14:16:03', '', 0, 64, '', '', '', 8, NULL, '0.00'),
(113, 'natalie.siquilini@limitlessdigital.com', 'Natalie', 'Siquilini', '$2y$10$eE6xMeDjZe6TV4JUUHQP9eMl2Jr02h3LaSTLWTTDLAigpwnpPkeQq', 'natalie.siquilini@limitlessdigital.com', '2016-07-07 14:16:03', '2016-07-07 14:16:03', '', 0, 15, '', '', '', 8, NULL, '0.00'),
(114, 'natalie.booth@limitlessdigital.com', 'Natalie', 'Booth', '$2y$10$9cyAC30RifX/rV6Cd/IdduDKrf1gmt7.HM3oJjSF02YU/FdJDBtNa', 'natalie.booth@limitlessdigital.com', '2016-07-07 14:16:03', '2016-07-07 14:16:03', '', 0, 19, '', '', '', 12, NULL, '0.00'),
(115, 'nathalie.lecomte@limitlessdigital.com', 'Nathalie', 'Lecomte', '$2y$10$DZcpk81qJCfGt43lgQyt9uQJE8YlE/.XQQj3WxvkOP3nk2Vh2kNb6', 'nathalie.lecomte@limitlessdigital.com', '2016-07-07 14:16:03', '2016-07-07 14:16:03', '', 0, 62, '', '', '', 4, NULL, '0.00'),
(116, 'naveed.raza@limitlessdigital.com', 'Naveed', 'Raza', '$2y$10$yO3qb7zKGlHaSkSSTZBQLutA5diRQURkDUFdvoPXIMXpiEi.iQzoG', 'naveed.raza@limitlessdigital.com', '2016-07-07 14:16:03', '2016-07-07 14:16:03', '', 0, 62, '', '', '', 4, NULL, '0.00'),
(117, 'nick.hosker@limitlessdigital.com', 'Nick', 'Hosker', '$2y$10$9ZpElF7oU/syBvDJZKt2wukgZf6qq7mBhqPOvtLfxFMd1oiJDhBym', 'nick.hosker@limitlessdigital.com', '2016-07-07 14:16:03', '2016-07-07 14:16:03', '', 0, 121, '', '', '', 10, NULL, '0.00'),
(118, 'nicola.harper@limitlessdigital.com', 'Nicola', 'Harper', '$2y$10$WiecGQ6uyrD0N7CHxB/X0.dGbZH7ymVnvND1JitblDWOiwf6NyK4e', 'nicola.harper@limitlessdigital.com', '2016-07-07 14:16:03', '2016-07-07 14:16:03', '', 0, 38, '', '', '', 6, NULL, '0.00'),
(119, 'olivia.mccormick@limitlessdigital.com', 'Olivia', 'McCormick', '$2y$10$AhIEkxzEaF/oszL7vgY4nudY4XNXS2OazNTz76zNsimSX37AXzEBq', 'olivia.mccormick@limitlessdigital.com', '2016-07-07 14:16:03', '2016-07-07 14:16:03', '', 0, 7, '', '', '', 13, NULL, '0.00'),
(120, 'paola.moscoso@limitlessdigital.com', 'Paola', 'Moscoso', '$2y$10$AOzQL/iyREMzgNgCqqz25OeDKYuQ0XIjchtP7dnbXvaOWtwBNOsmW', 'paola.moscoso@limitlessdigital.com', '2016-07-07 14:16:03', '2016-07-07 14:16:03', '', 0, 101, '', '', '', 5, NULL, '0.00'),
(121, 'peter.lilley@limitlessdigital.com', 'Peter', 'Lilley', '$2y$10$NnBL4HGfrAwEWRcLYmvYaeRqizz2CmvNjoCj8RA6JWYUKyENao6U6', 'peter.lilley@limitlessdigital.com', '2016-07-07 14:16:03', '2016-07-07 14:16:03', '', 0, 121, '', '', '', 10, NULL, '0.00'),
(122, 'peter.marsden@limitlessdigital.com', 'Peter', 'Marsden', '$2y$10$rwzhWRFe1pQx5k42tmyUxO4Xs81QBX9n7Dzfipb92mlph46dghPNO', 'peter.marsden@limitlessdigital.com', '2016-07-07 14:16:03', '2016-07-07 14:16:03', '', 0, 19, '', '', '', 12, NULL, '0.00'),
(123, 'phil.o\'sullivan@limitlessdigital.com', 'Phil', 'O\'Sullivan', '$2y$10$MEvTxO7Yz0Sqj8OZiJyWzupYSXJFeCE1EXmMOk.cQRkXuToPw4TjW', 'phil.o\'sullivan@limitlessdigital.com', '2016-07-07 14:16:03', '2016-07-07 14:16:03', '', 0, 104, '', '', '', 14, NULL, '0.00'),
(124, 'phil.holliday@limitlessdigital.com', 'Phil', 'Holliday', '$2y$10$0pDdNIdInbh/c6RY8t1OH.9IGnVNkb.zyg.QvqrpCuyYNgfpuOI7q', 'phil.holliday@limitlessdigital.com', '2016-07-07 14:16:03', '2016-07-07 14:16:03', '', 0, 101, '', '', '', 5, NULL, '0.00'),
(125, 'qasim.hussain@limitlessdigital.com', 'Qasim', 'Hussain', '$2y$10$pOax0Ziu.IxeaihkWIJx8OPpEiBSGmjyc1QnfK2AKkGJechMUsokK', 'qasim.hussain@limitlessdigital.com', '2016-07-07 14:16:03', '2016-07-07 14:16:03', '', 0, 38, '', '', '', 6, NULL, '-1.00'),
(126, 'rachel.hughes@limitlessdigital.com', 'Rachel', 'Hughes', '$2y$10$LmuEo9TcD0z82FxQz4iRiuxuvM1mC4.Q8e3y7j9VtC.u6UAJr1ujy', 'rachel.hughes@limitlessdigital.com', '2016-07-07 14:16:03', '2016-07-07 14:16:03', '', 0, 50, '', '', '', 1, NULL, '0.00'),
(127, 'rachel.sharp@limitlessdigital.com', 'Rachel', 'Sharp', '$2y$10$.G2muSTJCG06bp0PUYScR.Zbk8kElBDk.hXndrnnJ6SRjMMxrRMNq', 'rachel.sharp@limitlessdigital.com', '2016-07-07 14:16:03', '2016-07-07 14:16:03', '', 0, 131, '', '', '', 9, NULL, '0.00'),
(128, 'raza.ali@limitlessdigital.com', 'Raza', 'Ali', '$2y$10$oHt5g6nwev8LmIv6xRkg4egOcLv.EHc18.EV/RqzO4yEYb7Tlsjsy', 'raza.ali@limitlessdigital.com', '2016-07-07 14:16:04', '2016-07-07 14:16:04', '', 0, 62, '', '', '', 4, NULL, '0.00'),
(129, 'becky.henderson@limitlessdigital.com', 'Becky ', 'Henderson', '$2y$10$77hm6RiILeSuRw8izvvDS.I07leG4vFKpJ7sCV1lKcn4SPooXj9My', 'becky.henderson@limitlessdigital.com', '2016-07-07 14:16:04', '2016-07-07 14:16:04', '', 0, 55, '', '', '', 13, NULL, '0.00'),
(130, 'richard.ianson@limitlessdigital.com', 'Richard', 'I\'Anson', '$2y$10$1/EEO9iFa5qLHr06GCNptuXNgvvZqDBSiGkvV0Gln2yv5X/aMSIaW', 'richard.ianson@limitlessdigital.com', '2016-07-07 14:16:04', '2016-07-07 14:16:04', '', 0, 104, '', '', '', 14, NULL, '0.00'),
(131, 'richard.kellett@limitlessdigital.com', 'Richard', 'Kellett', '$2y$10$NCirUIh5MKkLXlTQXX64kumjSKRTdrEnXkXY6P822rtSEFelOuka2', 'richard.kellett@limitlessdigital.com', '2016-07-07 14:16:04', '2016-07-07 14:16:04', '', 0, 117, '', '', '', 9, NULL, '0.00'),
(132, 'rob.ashworth@limitlessdigital.com', 'Rob', 'Ashworth', '$2y$10$CsidDAIEH/xSx4pWIKY4l./crnTgSUV4MEbtnLBCAe386VKUT0rKa', 'rob.ashworth@limitlessdigital.com', '2016-07-07 14:16:04', '2016-07-07 14:16:04', '', 0, 8, '', '', '', 2, NULL, '0.00'),
(133, 'rory.holliday@limitlessdigital.com', 'Rory', 'Holliday', '$2y$10$HRJQUFX3Ds4OIhuhHTqDle3uaW2SWIVGQFR/n2goq32nSjljy1f7q', 'rory.holliday@limitlessdigital.com', '2016-07-07 14:16:04', '2016-07-07 14:16:04', '', 0, 64, '', '', '', 8, NULL, '0.00'),
(134, 'salvador.rodriguez@limitlessdigital.com', 'Salvador', 'Rodriquez', '$2y$10$aH9JadG1XyLXZ6LpjsBCl.fnCGbTM2Pi2hPsVE.ntpeVtflm0.l.i', 'salvador.rodriguez@limitlessdigital.com', '2016-07-07 14:16:04', '2016-07-07 14:16:04', '', 0, 104, '', '', '', 14, NULL, '0.00'),
(135, 'sanodiya.khan@limitlessdigital.com', 'Sanodiya', 'Khan', '$2y$10$izT5SXX7z6ORd6MtNPebl.F0LH2H39VDa1cuMRCpUsLcwaAF/hrc2', 'sanodiya.khan@limitlessdigital.com', '2016-07-07 14:16:04', '2016-07-07 14:16:04', '', 0, 38, '', '', '', 6, NULL, '0.00'),
(136, 'sara.nazurally@limitlessdigital.com', 'Sara', 'Nazurally', '$2y$10$l5cZVKqQrv5cRjaVMwgAV.msQPlm2pZWeJyTnhnTVd4dLCCWwbYAm', 'sara.nazurally@limitlessdigital.com', '2016-07-07 14:16:04', '2016-07-07 14:16:04', '', 0, 22, '', '', '', 8, NULL, '0.00'),
(137, 'sean.watson@limitlessdigital.com', 'Sean', 'Watson', '$2y$10$0Nvc7OCU.8sZcSDHerPkvOyCunE.JzKaby7qOJKCbPbbOGMRY1kdW', 'sean.watson@limitlessdigital.com', '2016-07-07 14:16:04', '2016-07-07 14:16:04', '', 0, 5, '', '', '', 1, NULL, '0.00'),
(138, 'seb.parkinson@limitlessdigital.com', 'Seb', 'Parkinson', '$2y$10$1sJ7mX9wvJ67WW2ojan/T.m.qrfna3yjuCtiyTS0C5MUKuJ5DJ4dO', 'seb.parkinson@limitlessdigital.com', '2016-07-07 14:16:04', '2016-07-07 14:16:04', '', 0, 156, '', '', '', 2, NULL, '0.00'),
(139, 'shaun.craig@limitlessdigital.com', 'Shaun', 'Craig', '$2y$10$eYr6evjSnwRCSTWPs77ZP.Ix/sVjqoqzJDrdIj9migcPck2WH14r2', 'shaun.craig@limitlessdigital.com', '2016-07-07 14:16:04', '2016-07-07 14:16:04', '', 0, 104, '', '', '', 14, NULL, '0.00'),
(140, 'shaun.mengella@limitlessdigital.com', 'Shaun', 'Mengella', '$2y$10$Lygm.61QpQusWPvknyOP1uZvsDSX.kTlwSpb.nZGaXxIwtJEcJ3h.', 'shaun.mengella@limitlessdigital.com', '2016-07-07 14:16:04', '2016-07-07 14:16:04', '', 0, 101, '', '', '', 5, NULL, '0.00'),
(141, 'simon.osbaldeston@limitlessdigital.com', 'Simon', 'Osbaleston', '$2y$10$j.jeWfQ9cYFXNPoO7.djz..L8Eg6uoYPh59hpJ/5DgZVbvJfx55nW', 'simon.osbaldeston@limitlessdigital.com', '2016-07-07 14:16:04', '2016-07-07 14:16:04', '', 0, 74, '', '', '', 2, NULL, '0.00'),
(142, 'sjacques@limitlessdigital.com', 'Stephen', 'Jacques', '$2y$10$2nCFoA4aHtMdElYtM12lq.ShGOJrQpObBIB5RIF4hHWfHkeyyMtNO', 'sjacques@limitlessdigital.com', '2016-07-07 14:16:04', '2016-07-07 14:16:04', '', 0, 151, '', '', '', 4, NULL, '0.00'),
(143, 'sofia.alibegum@limitlessdigital.com', 'Sofia', 'Ali Begum', '$2y$10$8QJWNBX8ej1VRIFt3SdEQOuDape/eM0kE2cgIZydunb79s0A7CetW', 'sofia.alibegum@limitlessdigital.com', '2016-07-07 14:16:04', '2016-07-07 14:16:04', '', 0, 64, '', '', '', 8, NULL, '0.00'),
(144, 'sonia.williams@limitlessdigital.com', 'Sonia', 'Williams', '$2y$10$rjIcs6TSFraeel9G3Dkewu8rv44tE/di3ojcXt0X2BsFwXPt2h3xe', 'sonia.williams@limitlessdigital.com', '2016-07-07 14:16:04', '2016-07-07 14:16:04', '', 0, 50, '', '', '', 1, NULL, '0.00'),
(145, 'steve.cunliffe@limitlessdigital.com', 'Steve', 'Cunliffe', '$2y$10$3kLX9/5F1N.8lB7n6Bxqd.C/oak6OvdBkdarDnUkH.yjoJifIBoLa', 'steve.cunliffe@limitlessdigital.com', '2016-07-07 14:16:05', '2016-07-07 14:16:05', '', 0, 145, '', '', '', 10, NULL, '0.00'),
(146, 'stu@limitlessdigital.com', 'Stuart', 'Batterham', '$2y$10$3a5xZA62vqUIEt6oiPC9Ae9QfzYKJPFdXgXAtdfehGZg.z9M21fJC', 'stu@limitlessdigital.com', '2016-07-07 14:16:05', '2016-07-07 14:16:05', '', 0, 74, '', '', '', 2, NULL, '-19.00'),
(147, 'stuart.mills@limitlessdigital.com', 'Stuart', 'Mills', '$2y$10$bY/4fdwexhYT0BtLqa9K.e7vQO84HFDAI0.klCg7imsMbCJxuXjxu', 'stuart.mills@limitlessdigital.com', '2016-07-07 14:16:05', '2016-07-07 14:16:05', '', 0, 152, '', '', '', 7, NULL, '0.00'),
(148, 'suheb-ul.alam@limitlessdigital.com', 'Suheb', 'Ul Alam', '$2y$10$G0KsZTJ/8lwZeBgnP8iEMe3FgKtP3U4EIfnPjbmHetLs9ldG9d.By', 'suheb-ul.alam@limitlessdigital.com', '2016-07-07 14:16:05', '2016-07-07 14:16:05', '', 0, 22, '', '', '', 8, NULL, '0.00'),
(149, 'susan.bailey@limitlessdigital.com', 'Susan', 'Bailey', '$2y$10$wJ.RYfChkuS0v9tNVkDJXuzMtIzr2a64TmEyr/0Grh3IgUGNC7UIm', 'susan.bailey@limitlessdigital.com', '2016-07-07 14:16:05', '2016-07-07 14:16:05', '', 0, 19, '', '', '', 12, NULL, '0.00'),
(150, 'tim.wright@limitlessdigital.com', 'Tim', 'Wright', '$2y$10$QIfqQLbMTvWx1zmnG2.YeuSEsOYwcm9/f9XXUOkDacP7EtzyYOfKO', 'tim.wright@limitlessdigital.com', '2016-07-07 14:16:05', '2016-07-07 14:16:05', '', 0, 117, '', '', '', 12, NULL, '0.00'),
(151, 'tom.fothergill@limitlessdigital.com', 'Tom', 'Fothergill', '$2y$10$FMRdfv3HkxLiQvYThdasMenmzXr7pVZtbn9R/b49evN2FzQp1ap9q', 'tom.fothergill@limitlessdigital.com', '2016-07-07 14:16:05', '2016-07-07 14:16:05', '', 0, 152, '', '', '', 4, NULL, '0.00'),
(152, 'tom.jones@limitlessdigital.com', 'Tom', 'Jones', '$2y$10$HyXc58lQ7UaxINhKE1LIceTeNBR6/FYrM4zJ2jKfaelBx5eqSHRLa', 'tom.jones@limitlessdigital.com', '2016-07-07 14:16:05', '2016-07-07 14:16:05', '', 0, 121, '', '', '', 10, NULL, '0.00'),
(153, 'tom.reilly@limitlessdigital.com', 'Tom', 'Reilly', '$2y$10$oEy/vTa/ibrhvTKFfwnz7OHqrGHPjO21yxfY80KtyhEluISI6UpMO', 'tom.reilly@limitlessdigital.com', '2016-07-07 14:16:05', '2016-07-07 14:16:05', '', 0, 23, '', '', '', 12, NULL, '0.00'),
(154, 'tommy.gaboreau@limitlessdigital.com', 'Tommy', 'Gaboreau', '$2y$10$nkMgNDuxXKOlvjUBSdxEcOykn1V5tHnHqLZHII62N0v1lpIGXpv.6', 'tommy.gaboreau@limitlessdigital.com', '2016-07-07 14:16:05', '2016-07-07 14:16:05', '', 0, 117, '', '', '', 10, NULL, '0.00'),
(155, 'toni.procter@limitlessdigital.com', 'Toni', 'Procter', '$2y$10$wSigBOGRQ1O3x8bKkOS8v.5v5KVSNkdvfqTNfszRl4g.WEb4Cuq7i', 'toni.procter@limitlessdigital.com', '2016-07-07 14:16:05', '2016-07-07 14:16:05', '', 0, 1, '', '', '', 1, NULL, '0.00'),
(156, 'tony.speight@limitlessdigital.com', 'Tony', 'Speight', '$2y$10$BvzNOlIHpV2Y1mXyWCKBkuAzVxzZy7ngpKcAHJ6Ml5QFX6c5PGvKO', 'tony.speight@limitlessdigital.com', '2016-07-07 14:16:05', '2016-07-07 14:16:05', '', 0, 8, '', '', '', 2, NULL, '0.00'),
(157, 'tracey.greenwood@limitlessdigital.com', 'Tracey', 'Greenwood', '$2y$10$qWS8S5iPeGcHUCF1ueFxNO/A8Jzs8qyMfIS0eMlZ5Aqh7xNCELCvy', 'tracey.greenwood@limitlessdigital.com', '2016-07-07 14:16:05', '2016-07-07 14:16:05', '', 0, 104, '', '', '', 14, NULL, '0.00'),
(158, 'vigny.efoloko@limitlessdigital.com', 'Vigny', 'Efoloko', '$2y$10$7PRWrZAKhzST/xjrX0YmMOMcV9x8ToxqmaRoQlewyAfe/etz66znS', 'vigny.efoloko@limitlessdigital.com', '2016-07-07 14:16:05', '2016-07-07 14:16:05', '', 0, 15, '', '', '', 8, NULL, '0.00'),
(159, 'wendy.sutcliffe@limitlessdigital.com', 'Wendy', 'Sutcliffe', '$2y$10$VPOStOfqsk1fufAK1pRUZ.j53e.RycidLLwACVggd240/RVzzHioq', 'wendy.sutcliffe@limitlessdigital.com', '2016-07-07 14:16:05', '2016-07-07 14:16:05', '', 0, 101, '', '', '', 5, NULL, '0.00'),
(160, 'wieke.meering@limitlessdigital.com', 'Wieke', 'Meering', '$2y$10$azW0lwBNCGYpDKMsbPRnBebEC9UYuS5e2d3Fnfpdq7.Hj5vDEEAuC', 'wieke.meering@limitlessdigital.com', '2016-07-07 14:16:05', '2016-07-07 14:16:05', '', 0, 62, '', '', '', 4, NULL, '0.00'),
(161, 'yassime.mohamed@limitlessdigital.com', 'Yassime', 'Mohamed', '$2y$10$Nz1mn9Ll6TtssBZAK34kPutiwx.LaROkpIpsfbrlTWjr9uRNr1Ora', 'yassime.mohamed@limitlessdigital.com', '2016-07-07 14:16:06', '2016-07-07 14:16:06', '', 0, 15, '', '', '', 8, NULL, '0.00'),
(162, 'zishan.khan@limitlessdigital.com', 'Zishan', 'Khan', '$2y$10$Wm0k8XB/4uLu7W0f3xFgu.zdlfCZu.tE8Azl0eCd1dCJnqE9kqcC.', 'zishan.khan@limitlessdigital.com', '2016-07-07 14:16:06', '2016-07-07 14:16:06', '', 0, 5, '', '', '', 1, NULL, '0.00'),
(163, 'ian.crossley@limitlessdigital.com', 'Ian', 'Crossley', '$2y$10$L/flLgkhw/isA5SRxApLsuDT6bc6Vdh/82Av.F22Y5lvtKBE25KnW', 'ian.crossley@limitlessdigital.com', '2016-07-07 14:16:06', '2016-07-07 14:16:06', '', 0, 5, '', '', '', 1, NULL, '0.00'),
(164, 'ernold.vanbuernern@limitlessdigital.com', 'Ernold', 'Van Buernern', '$2y$10$trse93a25hzoT9WXgbpSDuvktjMX1qFFVOnY8WGldjifu.MMdvdDu', 'ernold.vanbuernern@limitlessdigital.com', '2016-07-07 14:16:06', '2016-07-07 14:16:06', '', 0, 38, '', '', '', 6, NULL, '-16.00'),
(165, 'fernanda.nzuzi@limitlessdigital.com', 'Fernanda', 'Nzuzi', '$2y$10$Ur9jlUWdLs88Ii6uyDlxaOhDqqPVc/muNGjgfzArAILhfoVBGer.W', 'fernanda.nzuzi@limitlessdigital.com', '2016-07-07 14:16:06', '2016-07-07 14:16:06', '', 0, 38, '', '', '', 6, NULL, '-11.50'),
(166, 'michelle.bernhagen@limitlessdigital.com', 'Michelle', 'Bernhagen', '$2y$10$IHIOoc3ztG5yKlvTXw6x4OUlTcS42h0A9DpM5rQHfjdJSTNdcTBc.', 'michelle.bernhagen@limitlessdigital.com', '2016-07-07 14:16:06', '2016-07-07 14:16:06', '', 0, 38, '', '', '', 6, NULL, '-8.00'),
(167, 'sandioya.khan@limitlessdigital.com', 'Sandioya', 'Khan', '$2y$10$ngr4YI2JwpQDz6laCz8yuO2v.f0K85.RMAhC.rG0GnR/sCulma/Eu', 'sandioya.khan@limitlessdigital.com', '2016-07-07 14:16:06', '2016-07-07 14:16:06', '', 0, 38, '', '', '', 6, NULL, '0.00');

--
-- Indexes for dumped tables
--

--
-- Indexes for table `business`
--
ALTER TABLE `business`
  ADD PRIMARY KEY (`id`);

--
-- Indexes for table `business_announcements`
--
ALTER TABLE `business_announcements`
  ADD PRIMARY KEY (`id`),
  ADD KEY `business_announcements_user_id_index` (`user_id`);

--
-- Indexes for table `holiday_requests`
--
ALTER TABLE `holiday_requests`
  ADD PRIMARY KEY (`id`),
  ADD KEY `holiday_requests_user_id_index` (`user_id`),
  ADD KEY `holiday_requests_authorised_by_index` (`authorised_by`),
  ADD KEY `holiday_requests_requested_date_index` (`requested_date`),
  ADD KEY `holiday_requests_holiday_request_group_id_index` (`holiday_request_group_id`);

--
-- Indexes for table `holiday_request_groups`
--
ALTER TABLE `holiday_request_groups`
  ADD PRIMARY KEY (`id`),
  ADD KEY `holiday_request_groups_user_id_index` (`user_id`);

--
-- Indexes for table `ideas`
--
ALTER TABLE `ideas`
  ADD PRIMARY KEY (`id`);

--
-- Indexes for table `idea_comments`
--
ALTER TABLE `idea_comments`
  ADD PRIMARY KEY (`id`);

--
-- Indexes for table `idea_likes`
--
ALTER TABLE `idea_likes`
  ADD PRIMARY KEY (`id`);

--
-- Indexes for table `idea_status`
--
ALTER TABLE `idea_status`
  ADD PRIMARY KEY (`id`);

--
-- Indexes for table `organisation_units`
--
ALTER TABLE `organisation_units`
  ADD PRIMARY KEY (`id`),
  ADD UNIQUE KEY `organisation_units_organisation_unit_name_unique` (`organisation_unit_name`);

--
-- Indexes for table `organisation_units_unit_locations`
--
ALTER TABLE `organisation_units_unit_locations`
  ADD PRIMARY KEY (`id`);

--
-- Indexes for table `password_resets`
--
ALTER TABLE `password_resets`
  ADD KEY `password_resets_email_index` (`email`),
  ADD KEY `password_resets_token_index` (`token`);

--
-- Indexes for table `sessions`
--
ALTER TABLE `sessions`
  ADD UNIQUE KEY `sessions_id_unique` (`id`);

--
-- Indexes for table `unit_locations`
--
ALTER TABLE `unit_locations`
  ADD PRIMARY KEY (`id`);

--
-- Indexes for table `users`
--
ALTER TABLE `users`
  ADD PRIMARY KEY (`id`),
  ADD UNIQUE KEY `users_username_unique` (`username`),
  ADD UNIQUE KEY `users_email_unique` (`email`),
  ADD KEY `users_first_name_index` (`first_name`),
  ADD KEY `users_surname_index` (`surname`),
  ADD KEY `users_superior_id_index` (`superior_id`);

--
-- AUTO_INCREMENT for dumped tables
--

--
-- AUTO_INCREMENT for table `business`
--
ALTER TABLE `business`
  MODIFY `id` int(10) UNSIGNED NOT NULL AUTO_INCREMENT, AUTO_INCREMENT=2;
--
-- AUTO_INCREMENT for table `business_announcements`
--
ALTER TABLE `business_announcements`
  MODIFY `id` int(10) UNSIGNED NOT NULL AUTO_INCREMENT, AUTO_INCREMENT=2;
--
-- AUTO_INCREMENT for table `holiday_requests`
--
ALTER TABLE `holiday_requests`
  MODIFY `id` int(10) UNSIGNED NOT NULL AUTO_INCREMENT, AUTO_INCREMENT=533;
--
-- AUTO_INCREMENT for table `holiday_request_groups`
--
ALTER TABLE `holiday_request_groups`
  MODIFY `id` int(10) UNSIGNED NOT NULL AUTO_INCREMENT, AUTO_INCREMENT=533;
--
-- AUTO_INCREMENT for table `ideas`
--
ALTER TABLE `ideas`
  MODIFY `id` int(10) UNSIGNED NOT NULL AUTO_INCREMENT, AUTO_INCREMENT=2;
--
-- AUTO_INCREMENT for table `idea_comments`
--
ALTER TABLE `idea_comments`
  MODIFY `id` int(10) UNSIGNED NOT NULL AUTO_INCREMENT;
--
-- AUTO_INCREMENT for table `idea_likes`
--
ALTER TABLE `idea_likes`
  MODIFY `id` int(10) UNSIGNED NOT NULL AUTO_INCREMENT, AUTO_INCREMENT=2;
--
-- AUTO_INCREMENT for table `idea_status`
--
ALTER TABLE `idea_status`
  MODIFY `id` int(10) UNSIGNED NOT NULL AUTO_INCREMENT, AUTO_INCREMENT=4;
--
-- AUTO_INCREMENT for table `organisation_units`
--
ALTER TABLE `organisation_units`
  MODIFY `id` int(10) UNSIGNED NOT NULL AUTO_INCREMENT, AUTO_INCREMENT=15;
--
-- AUTO_INCREMENT for table `organisation_units_unit_locations`
--
ALTER TABLE `organisation_units_unit_locations`
  MODIFY `id` int(10) UNSIGNED NOT NULL AUTO_INCREMENT, AUTO_INCREMENT=15;
--
-- AUTO_INCREMENT for table `unit_locations`
--
ALTER TABLE `unit_locations`
  MODIFY `id` int(10) UNSIGNED NOT NULL AUTO_INCREMENT, AUTO_INCREMENT=4;
--
-- AUTO_INCREMENT for table `users`
--
ALTER TABLE `users`
  MODIFY `id` int(10) UNSIGNED NOT NULL AUTO_INCREMENT, AUTO_INCREMENT=168;
/*!40101 SET CHARACTER_SET_CLIENT=@OLD_CHARACTER_SET_CLIENT */;
/*!40101 SET CHARACTER_SET_RESULTS=@OLD_CHARACTER_SET_RESULTS */;
/*!40101 SET COLLATION_CONNECTION=@OLD_COLLATION_CONNECTION */;
